date,actual_volatility,garch_forecast,rf_direct_pred,rf_residual_full,xgb_direct_pred,xgb_residual_full,hybrid1_forecast,hybrid2_forecast,hybrid3_forecast,hybrid4_forecast,hybrid5_forecast,advanced_hybrid_forecast
2023-11-15,0.0320550319963629,0.0256440255970903,0.0422452702275802,0.0339691507962035,0.038783737,0.0345298636884637,0.03088511137004467,0.03137720986189051,0.038783737,0.0339691507962035,0.0345298636884637,0.03425788593514246
2023-11-16,0.0371598732310156,0.0297278985848124,0.0361343256299099,0.0368361917543243,0.03793235,0.0368535677438076,0.03175043571313491,0.03330770565306012,0.03793235,0.0368361917543243,0.0368535677438076,0.036845139397239095
2023-11-17,0.0165767689902554,0.0132614151922043,0.0243731828454162,0.0181089824931297,0.020749187,0.0180412005980487,0.016769448996649526,0.016528517047832775,0.020749187,0.0181089824931297,0.0180412005980487,0.018074078685559186
2023-11-18,0.0128925469429848,0.0103140375543878,0.0136804115304358,0.0130607896642622,0.010962574,0.0125045133721576,0.011376816589635854,0.01059701020356714,0.010962574,0.0130607896642622,0.0125045133721576,0.012774339121201145
2023-11-19,0.016706790698083,0.0133654325584664,0.0220285165788304,0.0177857763710282,0.01952492,0.0169231085422231,0.016100406195662796,0.016052970769634037,0.01952492,0.0177857763710282,0.0169231085422231,0.01734155167270858
2023-11-20,0.0203362459356652,0.0162689967485321,0.0242495851169807,0.0211308348196078,0.021358034,0.0210122337969196,0.018788503513757496,0.018489470806024488,0.021358034,0.0211308348196078,0.0210122337969196,0.021069762061629752
2023-11-21,0.0228216042173414,0.0182572833738731,0.0291621137718521,0.0240739199866141,0.029345417,0.0237515585042046,0.021699986178839926,0.02309531301410063,0.029345417,0.0240739199866141,0.0237515585042046,0.023907922220739862
2023-11-22,0.0322270798092828,0.0257816638474262,0.0304991216025144,0.0319594656210675,0.03341779,0.0322075786677098,0.027270985960016283,0.029113496409005204,0.03341779,0.0319594656210675,0.0322075786677098,0.03208722967997127
2023-11-23,0.0147460393803409,0.0117968315042727,0.0170362240351157,0.0152000394942348,0.015229522,0.014767086717131,0.013450930715719251,0.013294600103031646,0.015229522,0.0152000394942348,0.014767086717131,0.014977093523174334
2023-11-24,0.0205879737126043,0.0164703789700834,0.024268616966778,0.0214246787542968,0.024062775,0.0215695633155374,0.018932316922827257,0.01978313098693594,0.024062775,0.0214246787542968,0.0215695633155374,0.021499286034595437
2023-11-25,0.0054520745750898,0.0043616596600718,0.0097254978982479,0.0063011298918388,0.0037270284,0.0056295786277137,0.00605504692736754,0.004084754190642063,0.0037270284,0.0063011298918388,0.0056295786277137,0.005955319317071753
2023-11-26,0.0112648345073853,0.0090118676059082,0.0175738432820609,0.0125006961647388,0.016069122,0.0120834202140704,0.011714920895192875,0.012091123961260077,0.016069122,0.0125006961647388,0.0120834202140704,0.012285822864596781
2023-11-27,0.016060099129377,0.0128480793035016,0.0182520076553048,0.0165667136454242,0.016207578,0.0162578575371191,0.01455412319557722,0.014313912492205906,0.016207578,0.0165667136454242,0.0162578575371191,0.016407670376445402
2023-11-28,0.0267037191053297,0.0213629752842637,0.023263291489175,0.0260383413540827,0.022794558,0.0261034747099432,0.021962913448380816,0.021987610578597622,0.022794558,0.0260383413540827,0.0261034747099432,0.026071881315110054
2023-11-29,0.016360986005635,0.013088788804508,0.0182191201307415,0.0167784181101651,0.013888392,0.0160499473241187,0.014708456915119477,0.013437675649729239,0.013888392,0.0167784181101651,0.0160499473241187,0.01640329723007577
2023-11-30,0.011881720197752,0.0095053761582016,0.014789900063508,0.0125202796629745,0.0131872455,0.0119595827384977,0.011173723542594147,0.011111867711035438,0.0131872455,0.0125202796629745,0.0119595827384977,0.012231552746532693
2023-12-01,0.0202177659925823,0.0161742127940658,0.0244098219221585,0.0209846118949102,0.024595194,0.0216136889041069,0.0187742307320935,0.01984849721810187,0.024595194,0.0209846118949102,0.0216136889041069,0.02130855065244714
2023-12-02,0.0150864047483605,0.0120691237986884,0.0194818395206344,0.0159612345273379,0.014975802,0.0155769041755101,0.014409350677695595,0.013337380095619487,0.014975802,0.0159612345273379,0.0155769041755101,0.015763326330352906
2023-12-03,0.0152977592626861,0.0122382074101488,0.0198193438816132,0.016222627475394,0.016944805,0.0155084972708146,0.014631605458777217,0.014291813491398507,0.016944805,0.016222627475394,0.0155084972708146,0.01585489117632554
2023-12-04,0.0287818802897,0.02302550423176,0.0309166240158346,0.0292173548605868,0.03026365,0.0300131858441324,0.025516765372327367,0.026183688011627067,0.03026365,0.0292173548605868,0.0300131858441324,0.02962716239805882
2023-12-05,0.0407248499490809,0.0325798799592647,0.0368302624607547,0.039947373858207,0.034812033,0.0389520379092189,0.03392174436485632,0.03355382408157896,0.034812033,0.039947373858207,0.0389520379092189,0.03943483264952608
2023-12-06,0.0148867477886008,0.0119093982308806,0.0215457745081922,0.0162906523626448,0.02135365,0.0160812251075805,0.014951644504216936,0.016030161159017415,0.02135365,0.0162906523626448,0.0160812251075805,0.016182809278557957
2023-12-07,0.0186999106146802,0.0149599284917441,0.0228662712444692,0.0196130173432106,0.022576554,0.0204607009940174,0.01745599559030992,0.018283252435155727,0.022576554,0.0196130173432106,0.0204607009940174,0.02004952604502658
2023-12-08,0.0227485015818354,0.0181988012654683,0.0244301730752426,0.023068504119728,0.02470774,0.0239260001717111,0.02016607268789015,0.021038813803727102,0.02470774,0.023068504119728,0.0239260001717111,0.023510065648143962
2023-12-09,0.0106244374640316,0.0084995499712252,0.016491382836719,0.0117464745106142,0.0112868715,0.0109285700966441,0.01102260667350648,0.009715727970855528,0.0112868715,0.0117464745106142,0.0109285700966441,0.011325300416231414
2023-12-10,0.0077704967654563,0.006216397412365,0.0124171730362232,0.0086327843542586,0.008439551,0.0082683254929834,0.008174009484642884,0.0071864148485196976,0.008439551,0.0086327843542586,0.0082683254929834,0.008445108840817766
2023-12-11,0.0475919283567063,0.038073542685365,0.0418268160841872,0.0466136818002113,0.044954117,0.0479014936547034,0.039258467566024066,0.04107570910925758,0.044954117,0.0466136818002113,0.0479014936547034,0.047276831408266794
2023-12-12,0.0240645337202973,0.0192516269762378,0.0226609127181256,0.023806705710309,0.027138295,0.0239581228833955,0.020327953444250157,0.022692777213793525,0.027138295,0.023806705710309,0.0239581228833955,0.023884676912884074
2023-12-13,0.0447859111278674,0.0358287289022939,0.041129994646536,0.0438775518823473,0.04192856,0.0438570051669614,0.03750236175869846,0.03849023756066241,0.04192856,0.0438775518823473,0.0438570051669614,0.0438669714965499
2023-12-14,0.0336129870303036,0.0268903896242428,0.0315633689679077,0.0332358049153347,0.03515488,0.0335748316749979,0.028365669707183724,0.030496393190530532,0.03515488,0.0332358049153347,0.0335748316749979,0.03341038434788671
2023-12-15,0.0175189349156693,0.0140151479325354,0.0300440442185905,0.0199102092642164,0.022500783,0.0191484382419944,0.01907554082179586,0.017717642451163237,0.022500783,0.0199102092642164,0.0191484382419944,0.019517940662982115
2023-12-16,0.0181001375909919,0.0144801100727935,0.0184042352507522,0.0181813749372107,0.01808161,0.0181111554161478,0.015718973609791114,0.016051534442720457,0.01808161,0.0181813749372107,0.0181111554161478,0.01814521589137782
2023-12-17,0.0145686063918328,0.0116548851134662,0.0239623339771554,0.0164555947776123,0.018558232,0.0153052849697356,0.015540400722481192,0.014666987779249924,0.018558232,0.0164555947776123,0.0153052849697356,0.015863250876152667
2023-12-18,0.0324695459150374,0.0259756367320299,0.0293956302574327,0.0318525003851095,0.03199494,0.0318381819540739,0.027055343694281662,0.02860200908700755,0.03199494,0.0318525003851095,0.0318381819540739,0.031845127210296656
2023-12-19,0.0273877512582706,0.0219102010066164,0.0256973897709198,0.027091022140968,0.022412678,0.0268536700802399,0.023105833116972056,0.02212944426878219,0.022412678,0.027091022140968,0.0268536700802399,0.026968799375667336
2023-12-20,0.0273475996368651,0.021878079709492,0.0275272817303998,0.0274169502746512,0.030211367,0.0278348482333937,0.023661557575118224,0.025514101087969178,0.030211367,0.0274169502746512,0.0278348482333937,0.027632143873452617
2023-12-21,0.015195895674679,0.0121567165397432,0.0178450629479905,0.0157299571110686,0.016440215,0.0156025369569983,0.01395255246021064,0.014025713903353637,0.016440215,0.0157299571110686,0.0156025369569983,0.015664343003747454
2023-12-22,0.0158031902312997,0.0126425521850397,0.0188104442664482,0.0164112513028305,0.015752316,0.015635520958509,0.014589782778679474,0.01399941980750722,0.015752316,0.0164112513028305,0.015635520958509,0.01601179444739067
2023-12-23,0.0106510874751383,0.0085208699801106,0.0132448331929282,0.0111557061914938,0.0091771,0.0102264362848464,0.010012245894250569,0.008807199527903127,0.0091771,0.0111557061914938,0.0102264362848464,0.01067718522414797
2023-12-24,0.0213511208616091,0.0170808966892872,0.0227243695948815,0.0216672872994825,0.019979447,0.0216292507636462,0.01886256584807068,0.018345606584546426,0.019979447,0.0216672872994825,0.0216292507636462,0.021647700654318733
2023-12-25,0.0155647648765491,0.0124518119012392,0.0212866945967934,0.0167245989983847,0.016616924,0.0158185495277322,0.015241023134013102,0.014269154338490636,0.016616924,0.0167245989983847,0.0158185495277322,0.016258035230357376
2023-12-26,0.0285526355199622,0.0228421084159697,0.0265495214701529,0.0281841712899917,0.028534647,0.0290050154128755,0.024012554984599747,0.025325905178013003,0.028534647,0.0281841712899917,0.0290050154128755,0.028606859166692238
2023-12-27,0.0223659460235815,0.0178927568188652,0.0232101394075702,0.0225052008562465,0.024100093,0.0229969861387058,0.019571477833784347,0.02060117263019926,0.024100093,0.0225052008562465,0.0229969861387058,0.022758442209921542
2023-12-28,0.0221234618347228,0.0176987694677782,0.0243396324912846,0.0225877637125831,0.022231786,0.0224809660677683,0.019795319063144957,0.019676637798193602,0.022231786,0.0225877637125831,0.0224809660677683,0.02253276902057655
2023-12-29,0.0294555396630751,0.02356443173046,0.02858971452853,0.0293946047180986,0.030159632,0.0301911485453952,0.025150935559797267,0.02644208233092598,0.030159632,0.0293946047180986,0.0301911485453952,0.029804779329419516
2023-12-30,0.0183252106787476,0.014660168542998,0.0162268652315978,0.0179628352086177,0.016380519,0.0182360462951531,0.015154781561956496,0.015410800415159333,0.016380519,0.0179628352086177,0.0182360462951531,0.018103523325690377
2023-12-31,0.0154073083040638,0.012325846643251,0.0193988048259917,0.0162152066411725,0.015012501,0.0155429612445353,0.014558810576339523,0.013498101041445726,0.015012501,0.0162152066411725,0.0155429612445353,0.015869038627776718
2024-01-01,0.0182560714239829,0.0146048571391863,0.0269983491382198,0.0199993443602088,0.027498577,0.019752806931631,0.018517536943570424,0.02023070915024261,0.027498577,0.0199993443602088,0.019752806931631,0.01987239165468579
2024-01-02,0.0250053086005762,0.0200042468804609,0.0270297329419655,0.0253711023972172,0.029323189,0.0269068796496581,0.022222223656576532,0.02407033407873029,0.029323189,0.0253711023972172,0.0269068796496581,0.0261619400335258
2024-01-03,0.0720581989921215,0.0576465591936972,0.0583704025093793,0.0695778108299615,0.06863676,0.0713268514871265,0.05787507970454504,0.06244185829864839,0.06863676,0.0695778108299615,0.0713268514871265,0.07047846694849796
2024-01-04,0.0287377551084652,0.0229902040867721,0.0358117188687105,0.0301128921754523,0.032526173,0.0289786343185817,0.027038012561801987,0.02715098549562675,0.032526173,0.0301128921754523,0.0289786343185817,0.0295288141126562
2024-01-05,0.0310800494873519,0.0248640395898815,0.0315518302570587,0.0311471317530929,0.03525893,0.031052074601173,0.02697540444826471,0.02939958990040178,0.03525893,0.0311471317530929,0.031052074601173,0.031098182744882834
2024-01-06,0.0129563781154064,0.0103651024923251,0.017055152972431,0.013921093524563,0.012274821,0.0129290263224915,0.012477180783565536,0.011198360374684293,0.012274821,0.013921093524563,0.0129290263224915,0.013410235533992718
2024-01-07,0.0145813425119841,0.0116650740095872,0.0254807419652358,0.0168413811054532,0.021201212,0.0154542423264582,0.01602674100371272,0.015825929191040523,0.021201212,0.0168413811054532,0.0154542423264582,0.01612708379998858
2024-01-08,0.0485327621887717,0.0388262097510173,0.0437353381171879,0.0475105960630788,0.04095716,0.0472700458737685,0.04037604311654033,0.039755996567631416,0.04095716,0.0475105960630788,0.0472700458737685,0.047386726444079444
2024-01-09,0.0478831061939856,0.0383064849551884,0.0355654281826229,0.0454543767488655,0.046219673,0.0460597402665881,0.03744112130485291,0.04175920654029663,0.046219673,0.0454543767488655,0.0460597402665881,0.04576610441165144
2024-01-10,0.051710866300148,0.0413686930401184,0.0510506307904833,0.0518565800520803,0.04758577,0.0510037000490285,0.04442532327041276,0.044081358996507065,0.04758577,0.0518565800520803,0.0510037000490285,0.051417395525420365
2024-01-11,0.0501390302922237,0.0401112242337789,0.0433161390969189,0.0485444386331074,0.0407507,0.0477295853864874,0.04112302991862997,0.040390243482238804,0.0407507,0.0485444386331074,0.0477295853864874,0.04812483571577604
2024-01-12,0.063603345013593,0.0508826760108744,0.0638934038971517,0.0634566129488221,0.06491653,0.0633533348794256,0.05499021989317525,0.057005997018300905,0.06491653,0.0634566129488221,0.0633533348794256,0.06340343063728947
2024-01-13,0.0135144358714794,0.0108115486971835,0.0321973884635866,0.017385737235328,0.015977167,0.0139888103756854,0.01756315214844048,0.013065436980080898,0.015977167,0.017385737235328,0.0139888103756854,0.015636513769409843
2024-01-14,0.0156491046714086,0.0125192837371268,0.0281572958450928,0.0181967758278328,0.025673281,0.0164935049182513,0.017456272776238988,0.0182587012794352,0.025673281,0.0181967758278328,0.0164935049182513,0.01731968851716601
2024-01-15,0.0254848933271064,0.0203879146616851,0.0366447610267867,0.0278552092172154,0.029258858,0.0261476563069914,0.025520272391102196,0.024258528802411118,0.029258858,0.0278552092172154,0.0261476563069914,0.026975916920596768
2024-01-16,0.0235421854070953,0.0188337483256762,0.0292036739829674,0.0247226255465177,0.018399525,0.0237986676208382,0.022107579356947467,0.018644285843446587,0.018399525,0.0247226255465177,0.0237986676208382,0.024246839946209048
2024-01-17,0.0156646307675922,0.0125317046140737,0.0197789951405874,0.0164226756030314,0.017498765,0.0164660526161499,0.014819706033028575,0.014698957118614936,0.017498765,0.0164226756030314,0.0164660526161499,0.01644501228920789
2024-01-18,0.0314045098599298,0.0251236078879438,0.028459470526649,0.0306916882143708,0.028574748,0.0307112411214612,0.02617675436011478,0.02662942651510786,0.028574748,0.0306916882143708,0.0307112411214612,0.030701756845613878
2024-01-19,0.0324966909420148,0.0259973527536118,0.0270264802823749,0.0313562407701089,0.026626125,0.0315401316292906,0.026322252830058467,0.026271701789035637,0.026626125,0.0313562407701089,0.0315401316292906,0.031450934067709754
2024-01-20,0.0070430121383914,0.0056344097107131,0.0123442629898833,0.0080618113100286,0.0068456423,0.0070168751850206,0.007752739832509056,0.006162900741374178,0.0068456423,0.0080618113100286,0.0070168751850206,0.007523728841440537
2024-01-21,0.006216500810861,0.0049732006486888,0.0113602002647503,0.0072179686363934,0.007629,0.0062535889778668,0.006989604452420779,0.0061319922373710475,0.007629,0.0072179686363934,0.0062535889778668,0.006721368150586545
2024-01-22,0.0244926881537763,0.019594150523021,0.0287780529944106,0.0253468188072848,0.02328335,0.0243266433685265,0.02249354883045863,0.021203840396912862,0.02328335,0.0253468188072848,0.0243266433685265,0.02482148667899249
2024-01-23,0.0286747371868116,0.0229397897494492,0.0230315971278178,0.0274974851378156,0.022083914,0.0268596244861839,0.02296877374163351,0.02256634978346337,0.022083914,0.0274974851378156,0.0268596244861839,0.027169023305717924
2024-01-24,0.0186960530380863,0.014956842430469,0.0191317178804166,0.0187795881197189,0.015001594,0.0180052158167328,0.016274868928578084,0.014976368657978337,0.015001594,0.0187795881197189,0.0180052158167328,0.01838083057806171
2024-01-25,0.0131479458423723,0.0105183566738978,0.0158687870361106,0.0137089552283698,0.011127769,0.0132409804319158,0.012207511015920713,0.010784258492564132,0.011127769,0.0137089552283698,0.0132409804319158,0.01346797491609374
2024-01-26,0.0307348288049777,0.0245878630439821,0.0264797703931659,0.0299429686160444,0.026400054,0.0298603963228944,0.025185146495449583,0.0253785672196883,0.026400054,0.0299429686160444,0.0298603963228944,0.029900448597574576
2024-01-27,0.0129005864626972,0.0103204691701577,0.0141464751983331,0.013296095877545,0.015145395,0.0128144988709138,0.01152835606104053,0.012425704817902167,0.015145395,0.013296095877545,0.0128144988709138,0.013048100904463986
2024-01-28,0.0204169694615462,0.0163335755692369,0.0213965520356574,0.0206738746160433,0.021077657,0.0209185217732138,0.017931979455065077,0.01840353678647938,0.021077657,0.0206738746160433,0.0209185217732138,0.020799853939671667
2024-01-29,0.0173569489110796,0.0138855591288636,0.0247870340558991,0.0188108703456849,0.017053097,0.0179092321417163,0.017327202596930394,0.015267635015015601,0.017053097,0.0188108703456849,0.0179092321417163,0.018346578128243363
2024-01-30,0.0188722502997113,0.015097800239769,0.0208041368619379,0.0192453735770488,0.019924868,0.0185299714262012,0.016899315749709133,0.01720397046523928,0.019924868,0.0192453735770488,0.0185299714262012,0.018876982298243757
2024-01-31,0.0235634443454135,0.0188507554763308,0.0222275981169926,0.0232681304288871,0.027097635,0.0236174185470989,0.019916839514931943,0.02244907498800084,0.027097635,0.0232681304288871,0.0236174185470989,0.02344799387546327
2024-02-01,0.0220883267877174,0.0176706614301739,0.0218489118213384,0.0220179286847755,0.02320754,0.0219674857662258,0.01898975341203376,0.0200865398402284,0.02320754,0.0220179286847755,0.0219674857662258,0.021991953460561868
2024-02-02,0.0153797687138776,0.012303814971102,0.0184657688222093,0.0160412476709182,0.015403526,0.0155071809228785,0.01424917083937986,0.013656296311930412,0.015403526,0.0160412476709182,0.0155071809228785,0.01576623377552455
2024-02-03,0.0077319364592858,0.0061855491674286,0.0100711891713471,0.0082489429366792,0.0049468162,0.0077671078922939,0.0074122627661160866,0.005645059034930084,0.0049468162,0.0082489429366792,0.0077671078922939,0.008000825387739934
2024-02-04,0.0135023439098504,0.0108018751278803,0.0195637256154188,0.0146853089912182,0.015999205,0.0140724406600282,0.013568029772132185,0.01306959996049834,0.015999205,0.0146853089912182,0.0140724406600282,0.014369716777805505
2024-02-05,0.0215364060258586,0.0172291248206868,0.0238688573565228,0.0218990185918804,0.02363206,0.0218069599111452,0.019325317516135646,0.02002288536024059,0.02363206,0.0218990185918804,0.0218069599111452,0.02185161362520402
2024-02-06,0.0123552387295311,0.0098841909836248,0.0171338598805547,0.0133183508035125,0.013447312,0.0125012593395279,0.012172943264555907,0.011438869676197725,0.013447312,0.0133183508035125,0.0125012593395279,0.01289759533197619
2024-02-07,0.019100625157118,0.0152805001256944,0.0228121466426888,0.0197572293402655,0.021654004,0.0197199290400327,0.017658273978544116,0.018061419051792003,0.021654004,0.0197572293402655,0.0197199290400327,0.019738021814419665
2024-02-08,0.0154119180319466,0.0123295344255572,0.0226642127046729,0.0168709558437844,0.019979829,0.0165228739224082,0.015592237704879662,0.01566754902347061,0.019979829,0.0168709558437844,0.0165228739224082,0.01669171351973943
2024-02-09,0.0372830674912538,0.029826453993003,0.0350494477932419,0.0370170363525194,0.034225054,0.0374850864651605,0.03147537605324332,0.03174567303625238,0.034225054,0.0370170363525194,0.0374850864651605,0.03725805544833343
2024-02-10,0.0187252977890032,0.0149802382312025,0.0214443896750113,0.0195002463680722,0.016966296,0.018545592969587,0.01702099920548187,0.015846804839852107,0.016966296,0.0195002463680722,0.018545592969587,0.019008654351097033
2024-02-11,0.0134730929959251,0.01077847439674,0.0239919001193013,0.0156498083916185,0.019950215,0.0156156930687772,0.01495001087535532,0.01478033389692622,0.019950215,0.0156498083916185,0.0156156930687772,0.015632240947358704
2024-02-12,0.031860378885579,0.0254883031084632,0.034963159244331,0.0325977221047724,0.03904026,0.0322449799350892,0.028479556764426022,0.03140136037626623,0.03904026,0.0325977221047724,0.0322449799350892,0.032416080018815435
2024-02-13,0.0295150098436607,0.0236120078749285,0.026463815840879,0.0287622694380699,0.030383939,0.0300411520562396,0.02451233616297084,0.026566770561723373,0.030383939,0.0287622694380699,0.0300411520562396,0.029420820999021866
2024-02-14,0.0298554849781162,0.0238843879824929,0.037901425780104,0.0313899353432309,0.033731624,0.0308097152201884,0.02830962831929861,0.02818098300320574,0.033731624,0.0313899353432309,0.0308097152201884,0.03109115509374074
2024-02-15,0.0203833639848674,0.0163066911878939,0.0242229902303189,0.0211692872550757,0.023932828,0.021872378736263,0.01880590153080429,0.019634165150731346,0.023932828,0.0211692872550757,0.021872378736263,0.021531339241590765
2024-02-16,0.013348053812148,0.0106784430497184,0.0180436587571665,0.014339916365936,0.01286688,0.0138983693138554,0.013003673965727564,0.011633312749907055,0.01286688,0.014339916365936,0.0138983693138554,0.014112544833748335
2024-02-17,0.0203585711784364,0.0162868569427491,0.0188857912368365,0.0201535843771205,0.017639913,0.020130120200044,0.017107351903022615,0.016877229094690402,0.017639913,0.0201535843771205,0.020130120200044,0.020141501665055576
2024-02-18,0.0154818499071053,0.0123854799256842,0.0196128938673587,0.0163940393274715,0.014666211,0.0160963822216909,0.014667206219590662,0.013380619857343023,0.014666211,0.0163940393274715,0.0160963822216909,0.01624076290565196
2024-02-19,0.0101300141062239,0.0081040112849791,0.0177378568432138,0.0116794353211736,0.014209883,0.011189413823979,0.011145458599198545,0.010768155615553561,0.014209883,0.0116794353211736,0.011189413823979,0.011427102216248484
2024-02-20,0.0297732356468718,0.0238185885174974,0.0251836361503674,0.0289332340909724,0.027466767,0.029471160080175,0.024249540044764237,0.025410379906951733,0.027466767,0.0289332340909724,0.029471160080175,0.029210235275313304
2024-02-21,0.0234146056855993,0.0187316845484794,0.0249925678117731,0.023774424679015,0.021929953,0.0231376491800667,0.02070827286626798,0.02012716895438533,0.021929953,0.023774424679015,0.0231376491800667,0.023446521638618274
2024-02-22,0.0138878643747511,0.0111102914998008,0.0198790889217913,0.0151096764914528,0.015527968,0.014504452152334,0.01387863932174101,0.013037834093492098,0.015527968,0.0151096764914528,0.014504452152334,0.014798020497704734
2024-02-23,0.0125990838233967,0.0100792670587173,0.0198544966492637,0.0139141140136496,0.012855495,0.0131777323281488,0.013165349932303833,0.01129060464904946,0.012855495,0.0139141140136496,0.0131777323281488,0.013534919471826029
2024-02-24,0.0116871520589018,0.0093497216471214,0.0182985436245261,0.0129732450842595,0.009827764,0.0120411791608412,0.012174904011119436,0.009558303465351041,0.009827764,0.0129732450842595,0.0120411791608412,0.012493284327848776
2024-02-25,0.0090948398420285,0.0072758718736228,0.0150812818626356,0.0102829954779509,0.010297302,0.0098770791075881,0.00974007405581085,0.008594197301523988,0.010297302,0.0102829954779509,0.0098770791075881,0.010073971713361033
2024-02-26,0.0428776701091793,0.0343021360873434,0.0379444541722795,0.0418554021855902,0.0394935,0.0418253156072649,0.03545203188855777,0.03656725782284086,0.0394935,0.0418554021855902,0.0418253156072649,0.04183990931483074
2024-02-27,0.0274700617873235,0.0219760494298588,0.035933482518609,0.0292821591412098,0.03732912,0.0289615885346482,0.02638247229854298,0.028674977580564517,0.03732912,0.0292821591412098,0.0289615885346482,0.029117083574189746
2024-02-28,0.0647773714328974,0.0518218971463179,0.0802602980475051,0.0677784764847552,0.067203395,0.0671050058352088,0.060800025093125126,0.058533228830837274,0.067203395,0.0677784764847552,0.0671050058352088,0.06743167753603788
2024-02-29,0.035424565143694,0.0283396521149552,0.0414975307988519,0.0362970484516689,0.040497832,0.0365987473665154,0.03249365214973425,0.03364456966360954,0.040497832,0.0362970484516689,0.0365987473665154,0.03645240617448636
2024-03-01,0.0234935673350235,0.0187948538680188,0.0293160768429663,0.0246557393654039,0.024412373,0.0242812025119177,0.02211645012633806,0.021245917769434235,0.024412373,0.0246557393654039,0.0242812025119177,0.024462874261137822
2024-03-02,0.009105044942386,0.0072840359539088,0.0185761514166475,0.0109209342579404,0.011888067,0.0095988305297043,0.010849006353153577,0.009292889690396235,0.011888067,0.0109209342579404,0.0095988305297043,0.010240126291986201
2024-03-03,0.0186006438682445,0.0148805150945956,0.0235727101310691,0.0196464493434557,0.019778203,0.0176232435458624,0.017624679207311374,0.017017498653226028,0.019778203,0.0196464493434557,0.0176232435458624,0.018604613824540758
2024-03-04,0.0462425771278135,0.0369940617022508,0.045654562454287,0.0463995547173004,0.05408193,0.0484751717088216,0.039728219790301215,0.04444992543012078,0.05408193,0.0463995547173004,0.0484751717088216,0.047468379009916864
2024-03-05,0.1021188856007044,0.0816951084805635,0.0959150004102505,0.1013752972982523,0.10724483,0.1039335362536815,0.08618439075695097,0.09284309011376918,0.10724483,0.1013752972982523,0.1039335362536815,0.10269264435845174
2024-03-06,0.0477014802580853,0.0381611842064682,0.0546306937513028,0.0492717392483726,0.057628315,0.0524140443055454,0.04336068063485265,0.04665517958612084,0.057628315,0.0492717392483726,0.0524140443055454,0.05088984701759854
2024-03-07,0.0247555700668266,0.0198044560534612,0.0348116177301537,0.0266476630937123,0.033471078,0.0249966422712163,0.024542282843368454,0.025767544548655902,0.033471078,0.0266476630937123,0.0249966422712163,0.025797481595917746
2024-03-08,0.0388122850677149,0.0310498280541719,0.0520562146071333,0.0414567423366587,0.04286393,0.0404758211316288,0.03768163646097669,0.03620461580419572,0.04286393,0.0414567423366587,0.0404758211316288,0.04095162389844907
2024-03-09,0.0068366019692077,0.0054692815753661,0.0255552112512041,0.0106504860164032,0.009016961,0.0076512676893763,0.011810497707273066,0.0070172227157904235,0.009016961,0.0106504860164032,0.0076512676893763,0.00910605974706656
2024-03-10,0.017430786145692,0.0139446289165536,0.0299455608143089,0.0200205669927811,0.021348719,0.0188188564850607,0.018996193325725386,0.017175218345799215,0.021348719,0.0200205669927811,0.0188188564850607,0.01940175466440318
2024-03-11,0.051556310028205,0.041245048022564,0.0374021293867896,0.048750074938131,0.04882228,0.0514152404802995,0.04003182174725285,0.044551183584579254,0.04882228,0.048750074938131,0.0514152404802995,0.05012248308806925
2024-03-12,0.0434067026873745,0.0347253621498996,0.0349910751257404,0.0416922160431539,0.04266705,0.0435128125305229,0.03480924890227062,0.038190518911871404,0.04266705,0.0416922160431539,0.0435128125305229,0.042629719330466095
2024-03-13,0.0177930773488424,0.0142344618790739,0.0258237654260744,0.0194756620959741,0.022078352,0.0190291265600317,0.017893255860525002,0.017656947049193916,0.022078352,0.0194756620959741,0.0190291265600317,0.019245721779296524
2024-03-14,0.0498468570702765,0.0398774856562212,0.0441640067469229,0.0488316321580222,0.050835367,0.0499516717950299,0.04123075917299622,0.04465868297245666,0.050835367,0.0488316321580222,0.0499516717950299,0.04940838864904022
2024-03-15,0.0679194372043823,0.0543355497635058,0.05917155172083,0.0659603559873507,0.058611594,0.0675101627699188,0.055862296800891234,0.05620129466311062,0.058611594,0.0659603559873507,0.0675101627699188,0.06675841803099225
2024-03-16,0.0393745992147394,0.0314996793717915,0.0462193966615631,0.0407410431182261,0.043450445,0.0391337323785597,0.03614675870749645,0.036714096899773715,0.043450445,0.0407410431182261,0.0391337323785597,0.039913369818500556
2024-03-17,0.0363419612850301,0.029073569028024,0.0420611423121291,0.0375722170329292,0.039436523,0.0370857427253764,0.03317380290082109,0.03359518467293269,0.039436523,0.0375722170329292,0.0370857427253764,0.03732171052822714
2024-03-18,0.0239018020642357,0.0191214416513885,0.0351827317174076,0.0261620013836396,0.032460496,0.024949440859511,0.024192061399121348,0.024941604222222385,0.032460496,0.0261620013836396,0.024949440859511,0.025537601916035248
2024-03-19,0.0466316881790609,0.0373053505432487,0.0541915818671497,0.0482910132980491,0.047653377,0.0477808566179753,0.042636407865780435,0.04182045294043264,0.047653377,0.0482910132980491,0.0477808566179753,0.04802831172308088
2024-03-20,0.0572162208380148,0.0457729766704118,0.0486292815114854,0.0555283380393866,0.059411652,0.0558991445787227,0.04667472464166194,0.05172387135863141,0.059411652,0.0555283380393866,0.0558991445787227,0.055719282244759
2024-03-21,0.0329854306764274,0.0263883445411419,0.0386354679491215,0.034058647602897,0.040576685,0.0347447555511688,0.030254815139092728,0.03257907185379355,0.040576685,0.034058647602897,0.0347447555511688,0.03441195403923172
2024-03-22,0.0453018505346237,0.0362414804276989,0.0418679450820427,0.0446507966198959,0.04150249,0.0449677894812987,0.03801778000693362,0.03853699030398132,0.04150249,0.0446507966198959,0.0449677894812987,0.044814029852345505
2024-03-23,0.0328300617808897,0.0262640494247117,0.0328464850999531,0.0329397551313111,0.032815218,0.0326736679625847,0.028342153249863087,0.029122487897232437,0.032815218,0.0329397551313111,0.0326736679625847,0.032802735425339305
2024-03-24,0.0281523658403704,0.0225218926722963,0.0413268399788758,0.0306345174979731,0.038919482,0.0298299315552075,0.02845869704952099,0.02967657044500816,0.038919482,0.0306345174979731,0.0298299315552075,0.030220201656159084
2024-03-25,0.0426173270274966,0.0340938616219972,0.0466876613245777,0.0434876097179684,0.047368087,0.0445021979186748,0.038069779447303276,0.0398857376937749,0.047368087,0.0434876097179684,0.0445021979186748,0.04401006473753455
2024-03-26,0.022886865088248,0.0183094920705984,0.0274729602083539,0.0237473044685748,0.023991443,0.0232658553052673,0.02120243916924577,0.0207886691744881,0.023991443,0.0237473044685748,0.0232658553052673,0.023499385626367893
2024-03-27,0.034113949957166,0.0272911599657327,0.0350245809491184,0.034321995812578,0.03710502,0.0346617995581419,0.029732634902970193,0.03157319221135367,0.03710502,0.034321995812578,0.0346617995581419,0.034496975348525326
2024-03-28,0.0240068750947959,0.0192055000758367,0.0269380430746174,0.0244888453996858,0.02758185,0.0247396018190878,0.021646697829481962,0.022860310756917492,0.02758185,0.0244888453996858,0.0247396018190878,0.024617970644700275
2024-03-29,0.017435799714204,0.0139486397713632,0.0225507813220404,0.0184286552124099,0.01869196,0.0177555386074096,0.016664373603475488,0.01601826885710606,0.01869196,0.0184286552124099,0.0177555386074096,0.01808203857642806
2024-03-30,0.0075271830979549,0.0060217464783639,0.0155464759058516,0.009138774210009,0.011219768,0.0077797209819257,0.009028745351325657,0.008289773094940703,0.011219768,0.009138774210009,0.0077797209819257,0.008438939360386937
2024-03-31,0.0101435281307442,0.0081148225045953,0.0208536277020838,0.0123547852633157,0.019582786,0.0117175651877377,0.012136519200900406,0.013118581403485423,0.019582786,0.0123547852633157,0.0117175651877377,0.012026653291327214
2024-04-01,0.0294117545905381,0.0235294036724304,0.0258273248986949,0.0285510631906119,0.02979306,0.0295799242489671,0.02425486748640405,0.026262393370315704,0.02979306,0.0285510631906119,0.0295799242489671,0.029080867917297616
2024-04-02,0.037865567215558,0.0302924537724464,0.0331289464645954,0.0370201663436639,0.038154304,0.0370627702838389,0.031187946961349095,0.033722775385662734,0.038154304,0.0370201663436639,0.0370627702838389,0.03704210494139472
2024-04-03,0.0255142581979799,0.0204114065583839,0.022181893795396,0.0248068723571923,0.020845164,0.0240521178659095,0.020970357147670385,0.02060066576376209,0.020845164,0.0248068723571923,0.0240521178659095,0.024418216868949644
2024-04-04,0.038115174590275,0.03049213967222,0.0319845391253939,0.0367658030645642,0.0331104,0.035898276296735,0.03096329672795238,0.03163455204735442,0.0331104,0.0367658030645642,0.035898276296735,0.036319076289952804
2024-04-05,0.0288070247441461,0.0230456197953168,0.0311388015972138,0.0293177492612564,0.029935237,0.0284220551459435,0.02560067280152046,0.02605173185799419,0.029935237,0.0293177492612564,0.0284220551459435,0.028856517910236093
2024-04-06,0.0209776233792577,0.0167820987034061,0.0223441485947037,0.0211731813536488,0.022379184,0.0209550888020017,0.01853806225930739,0.01922424681208304,0.022379184,0.0211731813536488,0.0209550888020017,0.02106087613636096
2024-04-07,0.0146867096041846,0.0117493676833476,0.0215773847493598,0.0160104946505577,0.018341754,0.0149159021556045,0.014852115794560103,0.014625790485886945,0.018341754,0.0160104946505577,0.0149159021556045,0.015446841985398026
2024-04-08,0.031703647188414,0.0253629177507312,0.0305353397558859,0.0314674656246038,0.035747167,0.0314751892049164,0.026995874073364005,0.02989382505699728,0.035747167,0.0314674656246038,0.0314751892049164,0.03147144282767055
2024-04-09,0.0284324654980864,0.0227459723984691,0.0284938674054586,0.028491122708,0.03338047,0.0289053906610104,0.024560608072847396,0.027386069311073378,0.03338047,0.028491122708,0.0289053906610104,0.02870444706101828
2024-04-10,0.034850309055398,0.0278802472443184,0.0310396199272184,0.0341858423015351,0.037353072,0.0348560381957194,0.02887767506303727,0.03201347728013617,0.037353072,0.0341858423015351,0.0348560381957194,0.034530954938135267
2024-04-11,0.0165585903819436,0.0132468723055548,0.0220800467325697,0.0176421941954129,0.016958933,0.0166960168459094,0.016035544230455286,0.014866537099612895,0.016958933,0.0176421941954129,0.0166960168459094,0.017154966859924757
2024-04-12,0.0581171437554533,0.0464937150043626,0.0543498432615725,0.0575069917943359,0.060986266,0.0589996635479112,0.048973929166362604,0.05281717697222618,0.060986266,0.0575069917943359,0.0589996635479112,0.0582756325588126
2024-04-13,0.0740704218835684,0.0592563375068547,0.0878654052595741,0.0767344487631524,0.08263304,0.0755782610906006,0.06828834572754439,0.0694561766651895,0.08263304,0.0767344487631524,0.0755782610906006,0.07613907809684206
2024-04-14,0.0374222581854208,0.0299378065483366,0.0458359298827515,0.0392481271950947,0.04105316,0.0386822717355286,0.03495691384295737,0.034787712878292784,0.04105316,0.0392481271950947,0.0386822717355286,0.038956743927485854
2024-04-15,0.045446927250915,0.036357541800732,0.0463122573704548,0.0455808978777861,0.04394531,0.0463923600029891,0.03950028918549492,0.03966827457948706,0.04394531,0.0455808978777861,0.0463923600029891,0.04599875456112319
2024-04-16,0.0308326060770712,0.0246660848616569,0.0381953747549432,0.0322837963840619,0.03917422,0.0319613301663606,0.0289373410449221,0.03099634658021523,0.03917422,0.0322837963840619,0.0319613301663606,0.03211774468548976
2024-04-17,0.0489069266235539,0.0391255412988431,0.0444304012765524,0.04828440793734,0.047549926,0.0474302992962367,0.04080030887052406,0.042801310752851124,0.047549926,0.04828440793734,0.0474302992962367,0.04784459073220343
2024-04-18,0.0305043405033841,0.0244034724027072,0.0376399676355134,0.0317958502548554,0.040702555,0.0317624746538853,0.028582292026931466,0.031515169228619605,0.040702555,0.0317958502548554,0.0317624746538853,0.03177866372514243
2024-04-19,0.0661196984505948,0.0528957587604758,0.0619539344118658,0.0655749923419516,0.06946637,0.0668919687097308,0.05575546455917415,0.06012593031474023,0.06946637,0.0655749923419516,0.0668919687097308,0.06625316000989528
2024-04-20,0.0232282082277219,0.0185825665821775,0.0284012786900494,0.0242054036367966,0.022577843,0.0230875606057688,0.021682377077276722,0.020325805469990132,0.022577843,0.0242054036367966,0.0230875606057688,0.023629778272495225
2024-04-21,0.0158704387025545,0.0126963509620436,0.0263335306657881,0.0179525465868253,0.023443265,0.0178931318597205,0.017001668431870447,0.017385497973592734,0.023443265,0.0179525465868253,0.0178931318597205,0.017921951393237948
2024-04-22,0.023381107128827,0.0187048857030616,0.0375241463401486,0.0262596390896299,0.041397396,0.0260830643517122,0.024646208861531682,0.02860619471768837,0.041397396,0.0262596390896299,0.0260830643517122,0.02616871317693996
2024-04-23,0.0145937271295553,0.0116749817036442,0.0217442234671733,0.0160073676454812,0.019070242,0.0153038398359321,0.01485388551031095,0.014901718476247893,0.019070242,0.0160073676454812,0.0153038398359321,0.01564509097476161
2024-04-24,0.0315919494231049,0.0252735595384839,0.0288846141482278,0.0311269079278974,0.034857444,0.0324663127938512,0.026413585323401906,0.029455247697803735,0.034857444,0.0311269079278974,0.0324663127938512,0.031816624992378986
2024-04-25,0.0275750362113706,0.0220600289690964,0.0235957096992649,0.0268010146901254,0.023309564,0.0268715566422515,0.022544850113886,0.02260523231168327,0.023309564,0.0268010146901254,0.0268715566422515,0.02683733976955429
2024-04-26,0.0152531944602383,0.0122025555681906,0.0208738006812744,0.0162986680825802,0.01733136,0.015476363499882,0.01494010569816796,0.014440381039697976,0.01733136,0.0162986680825802,0.015476363499882,0.015875228152425487
2024-04-27,0.016888937906394,0.0135111503251152,0.0188837234364701,0.0171498126215453,0.015845895,0.0163049424946563,0.015207295230200452,0.014529857739755334,0.015845895,0.0171498126215453,0.0163049424946563,0.016714752723975716
2024-04-28,0.0173496557409068,0.0138797245927254,0.0190122436683756,0.0177289356389013,0.015140429,0.0166909127038071,0.015500083385427157,0.014429801413191216,0.015140429,0.0177289356389013,0.0166909127038071,0.01719441306857459
2024-04-29,0.0266617618038074,0.0213294094430459,0.0238252796263626,0.0261421245559164,0.024264637,0.0267165666448128,0.022117366611323356,0.022610122536897467,0.024264637,0.0261421245559164,0.0267165666448128,0.026437929447580846
2024-04-30,0.0546712572700184,0.0437370058160147,0.0427903434726765,0.0521218636312905,0.045592993,0.0522683592524251,0.04343814036044825,0.04454681937984527,0.045592993,0.0521218636312905,0.0522683592524251,0.052197300515489375
2024-05-01,0.0457296826127645,0.0365837460902116,0.0496682691732086,0.0466181849533942,0.04704931,0.0464003842842361,0.04071458743991617,0.041150133013791446,0.04704931,0.0466181849533942,0.0464003842842361,0.0465060300389301
2024-05-02,0.0320971236270564,0.0256776989016451,0.029040992619156,0.0313328083214051,0.029914446,0.0311717691410102,0.026739505485757403,0.027526297478387612,0.029914446,0.0313328083214051,0.0311717691410102,0.031249882334206003
2024-05-03,0.0349985397900931,0.0279988318320744,0.0424223277509291,0.0364626787915706,0.038841408,0.0358654286351435,0.032552392781217764,0.03272971862020305,0.038841408,0.0364626787915706,0.0358654286351435,0.03615512904681234
2024-05-04,0.0199212141110027,0.0159369712888021,0.0240056212151298,0.0207285397126397,0.02273229,0.0193799786462206,0.018484279474247318,0.018901938563556327,0.02273229,0.0207285397126397,0.0193799786462206,0.020034107727474118
2024-05-05,0.0202025027611101,0.016162002208888,0.022596177458328,0.0207166319630739,0.022838296,0.0200548909895713,0.01819329956707529,0.019075035938221706,0.022838296,0.0207166319630739,0.0200548909895713,0.020375873128092078
2024-05-06,0.0297631063063891,0.0238104850451112,0.0307630451459813,0.0299118970869502,0.03376115,0.0299040192204178,0.026005438775469257,0.02815220869446275,0.03376115,0.0299118970869502,0.0299040192204178,0.029907840435285556
2024-05-07,0.022602571707061,0.0180820573656487,0.0219087811744349,0.0224898622340994,0.022732073,0.0226894153817225,0.019290170863019845,0.02011097532651307,0.022732073,0.0224898622340994,0.0226894153817225,0.022592620716381497
2024-05-08,0.0215752609336725,0.017260208746938,0.0240841167299716,0.0221203198044201,0.023785308,0.022051160710452,0.019414546439194012,0.020107272523059487,0.023785308,0.0221203198044201,0.022051160710452,0.02208470681802116
2024-05-09,0.0257751997834513,0.020620159826761,0.0278766108302421,0.02611126803846,0.029620769,0.0261933338116462,0.022911053248488918,0.024547350409820784,0.029620769,0.02611126803846,0.0261933338116462,0.026153527228056188
2024-05-10,0.0298113824709797,0.0238491059767837,0.0293980760574234,0.029732527179934,0.03220375,0.0302789523753161,0.025600940179068565,0.027494445831150974,0.03220375,0.029732527179934,0.0302789523753161,0.030013904970397187
2024-05-11,0.0119125592561917,0.0095300474049533,0.0158697130937605,0.0127480623746182,0.011416057,0.0114840855667377,0.011531507680158813,0.010352960496574895,0.011416057,0.0127480623746182,0.0114840855667377,0.01209718645527223
2024-05-12,0.0131522649205394,0.0105218119364315,0.0190008768850543,0.0142610495080835,0.01443594,0.0129543962333434,0.013198689945238457,0.012229643770507746,0.01443594,0.0142610495080835,0.0129543962333434,0.013588197643903338
2024-05-13,0.02710003496146,0.021680027969168,0.0259326202877237,0.0268888738181925,0.028410336,0.0271927586532993,0.02302259002370352,0.02461662946036056,0.028410336,0.0268888738181925,0.0271927586532993,0.027045357165190857
2024-05-14,0.0179045407361403,0.0143236325889122,0.0230695347134421,0.019050422603462,0.02046512,0.0184292331173312,0.017084752264983884,0.017003316937224452,0.02046512,0.019050422603462,0.0184292331173312,0.018730545470153348
2024-05-15,0.0345214044394465,0.0276171235515572,0.0390615719445938,0.0354982669333173,0.03796381,0.0354197221956051,0.031230186125304996,0.03213164126964786,0.03796381,0.0354982669333173,0.0354197221956051,0.035457820876040394
2024-05-16,0.0212403665923768,0.0169922932739014,0.0228035498857965,0.0215441529053311,0.020338016,0.0205957374757731,0.018826932484967085,0.018452115662649246,0.020338016,0.0215441529053311,0.0205957374757731,0.021055773086344876
2024-05-17,0.018527136297175,0.01482170903774,0.0242573372481207,0.0196241448930065,0.02257539,0.0195151645662078,0.017800578265501858,0.018204833698854405,0.02257539,0.0196241448930065,0.0195151645662078,0.019568026244346587
2024-05-18,0.0083826756223516,0.0067061404978812,0.0157644269274961,0.0098688014588648,0.009287744,0.0083305789438964,0.009565881269751221,0.007832558584432407,0.009287744,0.0098688014588648,0.0083305789438964,0.009076704651908685
2024-05-19,0.0185735420690835,0.0148588336552668,0.021466888670486,0.019176024406999,0.016714243,0.0184350247974682,0.016945025618461975,0.015668395093399456,0.016714243,0.019176024406999,0.0184350247974682,0.01879445189785059
2024-05-20,0.0310836236091782,0.0248668988873425,0.0415365191306435,0.0332138304663952,0.039131876,0.0335423018490139,0.03012957114128053,0.031091064686137183,0.039131876,0.0332138304663952,0.0335423018490139,0.033382974482177655
2024-05-21,0.0258159511168946,0.0206527608935156,0.0253127731569424,0.0256666194819185,0.030476158,0.0258704821136215,0.02212394721232827,0.024938954401944463,0.030476158,0.0256666194819185,0.0258704821136215,0.025771597102554184
2024-05-22,0.0162825551258023,0.0130260441006418,0.0213429636255089,0.0171463146487127,0.015873916,0.0163402749245312,0.015651732087705757,0.01426864173927422,0.015873916,0.0171463146487127,0.0163402749245312,0.01673125019243859
2024-05-23,0.0377104401552678,0.0301683521242142,0.0349536565699865,0.0371335043169159,0.0377671,0.0372172435158193,0.031679093734751654,0.03348387561006427,0.0377671,0.0371335043169159,0.0372172435158193,0.03717662522525199
2024-05-24,0.0270782608498871,0.0216626086799096,0.024288993084177,0.0265660909755048,0.024185631,0.026008518837918,0.02249176976041281,0.022763466333608054,0.024185631,0.0265660909755048,0.026008518837918,0.02627897314597591
2024-05-25,0.0091972998322273,0.0073578398657818,0.0174747027444286,0.0108000365656032,0.011858326,0.0101994347276021,0.010551777867443619,0.00932151437106337,0.011858326,0.0108000365656032,0.0101994347276021,0.01049076089611892
2024-05-26,0.0129281191209021,0.0103424952967216,0.0218056179977972,0.0146196676941282,0.014650316,0.0134648641241838,0.013961453431456623,0.012222105062438919,0.014650316,0.0146196676941282,0.0134648641241838,0.014025009761668232
2024-05-27,0.0233598526349609,0.0186878821079687,0.0264221253791696,0.0238878082701802,0.023750432,0.0237494019058601,0.021129616645077492,0.020896799068986012,0.023750432,0.0238878082701802,0.0237494019058601,0.02381653689157695
2024-05-28,0.0220019189513818,0.0176015351611054,0.0245798165003918,0.0224375158714756,0.023428578,0.0226511559161222,0.019804609199291393,0.02014401948894759,0.023428578,0.0224375158714756,0.0226511559161222,0.022547528301768247
2024-05-29,0.0175477795641038,0.014038223651283,0.0213032390740896,0.0182362903161316,0.01719834,0.0172556325505008,0.016331820897771025,0.015417061341842186,0.01719834,0.0182362903161316,0.0172556325505008,0.017731307534177697
2024-05-30,0.0237070744478368,0.0189656595582694,0.0237208086918979,0.0236487687146847,0.028034594,0.0245851081679195,0.020466881004447268,0.022922662162475824,0.028034594,0.0236487687146847,0.0245851081679195,0.024130930095055313
2024-05-31,0.023600202902595,0.018880162322076,0.0259638169944548,0.0239792286422587,0.024473395,0.0237603363852221,0.021116503183877436,0.02132062943700359,0.024473395,0.0239792286422587,0.0237603363852221,0.023866511622335437
2024-06-01,0.0044656036958186,0.0035724829566548,0.0096734796419871,0.0055644949234685,0.0054795775,0.0050585458437795,0.005498594380229024,0.0044045959378403565,0.0054795775,0.0055644949234685,0.0050585458437795,0.005303960022565508
2024-06-02,0.0125310181176117,0.0100248144940893,0.0220562334622431,0.0144078824116388,0.014985163,0.0129093503115187,0.013823186253917007,0.012189138437742653,0.014985163,0.0144078824116388,0.0129093503115187,0.013636223903148722
2024-06-03,0.0257431419247292,0.0205945135397833,0.0255086716601192,0.0255862893319048,0.026429752,0.0254526618240398,0.022145934820765927,0.023140573821903584,0.026429752,0.0255862893319048,0.0254526618240398,0.025517478791640708
2024-06-04,0.020041554164028,0.0160332433312224,0.0249719330198334,0.0210285771654487,0.026529256,0.0207860795213864,0.018855226887189706,0.020612915808842718,0.026529256,0.0210285771654487,0.0207860795213864,0.0209037047183957
2024-06-05,0.0127258055246947,0.0101806444197557,0.021651101982215,0.0145646027098936,0.014540206,0.0130454711231998,0.013801918202413535,0.012082830022382356,0.014540206,0.0145646027098936,0.0130454711231998,0.013782336641456125
2024-06-06,0.0155462567262973,0.0124370053810378,0.021549604447657,0.0166713926564934,0.015226706,0.015549617207547,0.015313892890723615,0.01365422143713746,0.015226706,0.0166713926564934,0.015549617207547,0.016093742321391873
2024-06-07,0.0336827640191923,0.0269462112153538,0.0282072308697814,0.0327591539871941,0.03702137,0.0341843501480885,0.027344320653371355,0.03134225463200799,0.03702137,0.0327591539871941,0.0341843501480885,0.03349304867235528
2024-06-08,0.0042021095982303,0.0033616876785842,0.0083050076805474,0.0050136638416731,0.005206818,0.0047132071663824,0.004922315493553367,0.004166764122112806,0.005206818,0.0050136638416731,0.0047132071663824,0.004858945801330736
2024-06-09,0.0067514049444417,0.0054011239555533,0.0168703618280455,0.008664837262722,0.009532522,0.0068802213647272,0.009022012676736755,0.007203756108859427,0.009532522,0.008664837262722,0.0068802213647272,0.007745861925480989
2024-06-10,0.0103424858609389,0.0082739886887511,0.0206982770619937,0.0124260905273939,0.012840642,0.0105848833512654,0.01219639104360168,0.010266533585974052,0.012840642,0.0124260905273939,0.0105848833512654,0.011477973911647945
2024-06-11,0.0308757822846433,0.0247006258277146,0.0284836196315656,0.0303867221214099,0.03193042,0.0312693394070415,0.025894933570648745,0.027855165597675768,0.03193042,0.0303867221214099,0.0312693394070415,0.030841219651455108
2024-06-12,0.0307574054008877,0.0246059243207101,0.0263861057725741,0.0299466612557425,0.03197364,0.0307719242398862,0.0251679354161617,0.027820642688928806,0.03197364,0.0299466612557425,0.0307719242398862,0.030371624593802035
2024-06-13,0.0185473986695926,0.014837918935674,0.0240592942533959,0.0197628879937344,0.021639615,0.0195975738040682,0.01774914758512247,0.017805668808879897,0.021639615,0.0197628879937344,0.0195975738040682,0.019677760620740628
2024-06-14,0.0235076195640381,0.0188060956512304,0.0254416574323364,0.0238644274775122,0.024341825,0.0239011356112274,0.020900971621110504,0.021221472627434807,0.024341825,0.0238644274775122,0.0239011356112274,0.023883330071397146
2024-06-15,0.0064107213298646,0.0051285770638916,0.0121274579340599,0.0075259214676989,0.004626462,0.006290693014029,0.007338154464363837,0.004909491720602781,0.004626462,0.0075259214676989,0.006290693014029,0.006889849310067423
2024-06-16,0.0093519800009515,0.0074815840007612,0.0193990635515473,0.0113111047483315,0.010102836,0.0095127303166189,0.011243984586581397,0.008625301716873602,0.010102836,0.0113111047483315,0.0095127303166189,0.01038504455144228
2024-06-17,0.0231068526863148,0.0184854821490518,0.0248991802358791,0.0234122090393495,0.02315405,0.0233163058946303,0.02051031477715236,0.020522494905380773,0.02315405,0.0234122090393495,0.0233163058946303,0.023362824393129644
2024-06-18,0.024325595390592,0.0194604763124736,0.0274310735626886,0.0249719732042487,0.029196065,0.0256558100987823,0.021976828837833515,0.02370835681459279,0.029196065,0.0249719732042487,0.0256558100987823,0.025324110177520072
2024-06-19,0.011352338803,0.0090818710424,0.0195506575941598,0.0129824619784255,0.010677271,0.0112915914770209,0.012386912891837836,0.009777983890886898,0.010677271,0.0129824619784255,0.0112915914770209,0.01211176017026325
2024-06-20,0.020739080978798,0.0165912647830384,0.0248795034159655,0.0213725265274928,0.021960132,0.0212834169255631,0.01920789808667059,0.018933835643557433,0.021960132,0.0213725265274928,0.0212834169255631,0.021326640168093693
2024-06-21,0.0172097855364024,0.0137678284291219,0.0239134133057299,0.0184442649318528,0.02017614,0.01749225283042,0.01697083409156674,0.01656393482259715,0.02017614,0.0184442649318528,0.01749225283042,0.017954033032117546
2024-06-22,0.0065369615055926,0.005229569204474,0.0115884657123663,0.0075275752600981,0.004026486,0.0062328865065669,0.007237100733645861,0.004704633953947239,0.004026486,0.0075275752600981,0.0062328865065669,0.006860884441510567
2024-06-23,0.0107645873846934,0.0086116699077547,0.0219906284731569,0.012857010337058,0.013330161,0.0111794747919202,0.012835465831181569,0.010670465421153132,0.013330161,0.012857010337058,0.0111794747919202,0.01199317527033078
2024-06-24,0.0497010978965548,0.0397608783172438,0.0416628812263068,0.0483182796509645,0.050271768,0.0486823543982575,0.04036134898126255,0.04434704200763386,0.050271768,0.0483182796509645,0.0486823543982575,0.04850575736762636
2024-06-25,0.019612468514481,0.0156899748115848,0.0302603026340788,0.0218084926453541,0.028329113,0.0210029070011387,0.020289891236977598,0.021204746480497645,0.028329113,0.0218084926453541,0.0210029070011387,0.021393662014347628
2024-06-26,0.0180182582732626,0.01441460661861,0.0230496950351919,0.018998586399809,0.017102739,0.0184651571353048,0.017140741920852992,0.015587505915870995,0.017102739,0.018998586399809,0.0184651571353048,0.01872390077205416
2024-06-27,0.018636738622864,0.0149093908982912,0.0221131187227823,0.0193626337167246,0.020525536,0.0196229145655969,0.017183639381072677,0.01735985527598077,0.020525536,0.0193626337167246,0.0196229145655969,0.01949666349934536
2024-06-28,0.0213559967470985,0.0170847973976788,0.0294237063849978,0.0228675735870205,0.025242308,0.0227226969045159,0.020980245105764767,0.02064412301687103,0.025242308,0.0228675735870205,0.0227226969045159,0.02279297036382126
2024-06-29,0.0079212173976236,0.0063369739180988,0.0173205334973494,0.0098244228031775,0.010172252,0.0085005286926961,0.009804531871041767,0.008010401535802786,0.010172252,0.0098244228031775,0.0085005286926961,0.00914269289254629
2024-06-30,0.0199358726694177,0.0159486981355341,0.024617503916351,0.0208913674236677,0.02251883,0.020995046688685,0.01868547815761147,0.018815410764753418,0.02251883,0.0208913674236677,0.020995046688685,0.02094475632804832
2024-07-01,0.0152202418197217,0.0121761934557773,0.0224333590499177,0.0166481633097711,0.020110331,0.015978607973627,0.015414425640342119,0.015638055830716917,0.020110331,0.0166481633097711,0.015978607973627,0.016303380524004204
2024-07-02,0.0149387278163328,0.0119509822530662,0.0206569967315448,0.0160495005478504,0.0133056035,0.0150240175267671,0.014699509224260072,0.012542037336358601,0.0133056035,0.0160495005478504,0.0150240175267671,0.01552143531757097
2024-07-03,0.0272396579266222,0.0217917263412977,0.0290666286684201,0.0275084252482208,0.033981077,0.0286840079257394,0.02408844492686008,0.02711024447702546,0.033981077,0.0275084252482208,0.0286840079257394,0.028113783235192237
2024-07-04,0.0300000515848171,0.0240000412678536,0.0386592743251164,0.0318864396308394,0.039266296,0.0319953719964441,0.028628025465962194,0.030661089500114758,0.039266296,0.0318864396308394,0.0319953719964441,0.03194253358222161
2024-07-05,0.0515307268238846,0.0412245814591076,0.0489381515811033,0.0510203483115845,0.047132567,0.0505581230759051,0.04365978939230246,0.04380238310947039,0.047132567,0.0510203483115845,0.0505581230759051,0.05078232869497285
2024-07-06,0.0249188756598539,0.0199351005278831,0.0339754842600201,0.0266169348322321,0.021089321,0.0249880945332651,0.024367711278656164,0.02043871574787838,0.021089321,0.0266169348322321,0.0249880945332651,0.0257781750381852
2024-07-07,0.0217137707860875,0.01737101662887,0.0363502308966227,0.0245535929578987,0.0258112,0.0235402072591867,0.0233628378503874,0.021053679437177605,0.0258112,0.0245535929578987,0.0235402072591867,0.024031757158231408
2024-07-08,0.0491077143391538,0.039286171471323,0.0539768036836481,0.0499778540897214,0.05099039,0.0512985339514866,0.04392406852045829,0.04439301434197651,0.05099039,0.0499778540897214,0.0512985339514866,0.0506579288457049
2024-07-09,0.0201046166096006,0.0160836932876804,0.0292190601381172,0.0218385078009177,0.025586827,0.0207662029819289,0.020230586237858506,0.020230147878281087,0.025586827,0.0218385078009177,0.0207662029819289,0.021286332016894588
2024-07-10,0.0278244187177731,0.0222595349742184,0.0272946005554094,0.0277256323804886,0.02993017,0.0284006443662654,0.023849127271111964,0.02560642461907757,0.02993017,0.0277256323804886,0.0284006443662654,0.02807322502939863
2024-07-11,0.0312359155356306,0.0249887324285044,0.0336849573689168,0.0317700539897416,0.03529006,0.0316731083553567,0.027734168799576138,0.029483458935691827,0.03529006,0.0317700539897416,0.0316731083553567,0.031720132520840084
2024-07-12,0.023658001460259,0.0189264011682072,0.025647837394759,0.0242207651933819,0.028799148,0.0236952011586227,0.0210483880773153,0.023234127194355414,0.028799148,0.0242207651933819,0.0236952011586227,0.02395012971006739
2024-07-13,0.0209504491180463,0.016760359294437,0.0241992137751079,0.0215091081060377,0.023020355,0.0209739061628507,0.019108838294265556,0.019491751771512494,0.023020355,0.0215091081060377,0.0209739061628507,0.02123350964993017
2024-07-14,0.0202274155703893,0.0161819324563114,0.0274486526561244,0.0216766712635368,0.031229679,0.0212718045073418,0.019738885459620943,0.022747640108450012,0.031229679,0.0216766712635368,0.0212718045073418,0.02146818799034058
2024-07-15,0.028294528587333,0.0226356228698664,0.0347134045114727,0.0295838873652263,0.031592794,0.0302292643931382,0.026448631529133668,0.026543860349803203,0.031592794,0.0295838873652263,0.0302292643931382,0.029916219702139438
2024-07-16,0.033246692278908,0.0265973538231264,0.0269043174171755,0.0319814867842788,0.031818286,0.0333556618612419,0.026694263576665656,0.028875376930803824,0.031818286,0.0319814867842788,0.0333556618612419,0.03268910852305143
2024-07-17,0.0229759820499594,0.0183807856399675,0.0232768296585062,0.0229689368870427,0.023766244,0.0229825664308031,0.019926488219531517,0.020730595630591632,0.023766244,0.0229689368870427,0.0229825664308031,0.022975955324224466
2024-07-18,0.0208532816369434,0.0166826253095547,0.0209924563350722,0.0208189225298576,0.018302325,0.0205275914901772,0.01804325787503064,0.017389340738396347,0.018302325,0.0208189225298576,0.0205275914901772,0.020668903671043282
2024-07-19,0.0361825136739513,0.028946010939161,0.0330595203204833,0.035432131076774,0.032542996,0.0374921295636694,0.030244663900142424,0.03051546536012773,0.032542996,0.035432131076774,0.0374921295636694,0.03649291273087546
2024-07-20,0.0138364851503675,0.011069188120294,0.0176043910038532,0.0145374755338398,0.01422141,0.0138192519009892,0.013132380345862796,0.012444581256850058,0.01422141,0.0145374755338398,0.0138192519009892,0.014167631352828662
2024-07-21,0.0256284886206004,0.0205027908964803,0.0259720925672413,0.0257613691576462,0.026132321,0.0258552516757299,0.022229473432196604,0.02295909548476609,0.026132321,0.0257613691576462,0.0258552516757299,0.025809713296468424
2024-07-22,0.019195066474711,0.0153560531797688,0.024675688369851,0.020270434593988,0.020238837,0.0194198647986035,0.018298302902067076,0.017486533713791146,0.020238837,0.020270434593988,0.0194198647986035,0.019832439692430332
2024-07-23,0.0195112227899847,0.0156089782319877,0.0247646905712497,0.0205871951315418,0.021966051,0.0200738485507581,0.018499476791019702,0.01838272785602337,0.021966051,0.0205871951315418,0.0200738485507581,0.020322850939759537
2024-07-24,0.020628116007735,0.016502492806188,0.0212271245751533,0.0205652881443969,0.01575114,0.019724786259479,0.017994079786437293,0.016174658810930186,0.01575114,0.0205652881443969,0.019724786259479,0.02013247764214148
2024-07-25,0.0293915200533982,0.0235132160427185,0.02713722647361,0.0286840297551035,0.024708824,0.0284530129114302,0.02465733203722048,0.024034889656192104,0.024708824,0.0286840297551035,0.0284530129114302,0.028565069265027422
2024-07-26,0.0173321313888883,0.0138657051111106,0.0252983061213672,0.0188568899210067,0.01819946,0.0172724605044816,0.017475027414130682,0.015756630609746716,0.01819946,0.0188568899210067,0.0172724605044816,0.01804099919683364
2024-07-27,0.0285893190563962,0.0228714552451169,0.026288570241977,0.0281436640527528,0.02629415,0.0274874177504575,0.0239502534432773,0.024364862452490164,0.02629415,0.0281436640527528,0.0274874177504575,0.027805734659855086
2024-07-28,0.0126718588463838,0.010137487077107,0.0164165594808085,0.0133820778418051,0.009407884,0.0124214260046829,0.012119817786332816,0.009819143031872233,0.009407884,0.0133820778418051,0.0124214260046829,0.012887396971270155
2024-07-29,0.0353580312793156,0.0282864250234524,0.0277651040635996,0.033977225523296,0.035357334,0.0351456115945438,0.028121841708969503,0.03137163921416896,0.035357334,0.033977225523296,0.0351456115945438,0.034578877668757155
2024-07-30,0.0172654847196188,0.013812387775695,0.0202923647722541,0.0178839152652224,0.014300123,0.0174348840434757,0.01585814494641716,0.014025198835818816,0.014300123,0.0178839152652224,0.0174348840434757,0.01765268981278747
2024-07-31,0.0200905049204187,0.0160724039363349,0.025205474222303,0.0211963841746992,0.025487259,0.0207920128653432,0.018955754299792987,0.02018034034766479,0.025487259,0.0211963841746992,0.0207920128653432,0.020988156028349303
2024-08-01,0.0364630325207407,0.0291704260165925,0.0326074398807077,0.0357726861938626,0.03668049,0.0365573861057992,0.030255506374457786,0.03244725450521365,0.03668049,0.0357726861938626,0.0365573861057992,0.03617676186471995
2024-08-02,0.0307209486259336,0.0245767589007468,0.0421639871507408,0.0332094635410498,0.036065202,0.0319855151978285,0.030129124028687483,0.02958945356229816,0.036065202,0.0332094635410498,0.0319855151978285,0.03257919999652956
2024-08-03,0.0259664740160684,0.0207731792128547,0.0249275485030168,0.0257218696197564,0.029133147,0.0261654703303142,0.022084731826342366,0.02442084195839144,0.029133147,0.0257218696197564,0.0261654703303142,0.025950298668855006
2024-08-04,0.0397559399263882,0.0318047519411105,0.0417938148666466,0.0401797732660069,0.041563015,0.0407819760601181,0.034958342936813346,0.036062525837774445,0.041563015,0.0401797732660069,0.0407819760601181,0.04048987333651935
2024-08-05,0.1140529495611459,0.0912423596489167,0.1168278873645273,0.1150415428029806,0.09424802,0.1120951954978442,0.09931982301317163,0.09255380432998851,0.09424802,0.1150415428029806,0.1120951954978442,0.11352434209250327
2024-08-06,0.0322454933036756,0.0257963946429404,0.0455024575955046,0.034740080671903,0.039456032,0.0337297402662548,0.03201768518352678,0.031756435587297,0.039456032,0.034740080671903,0.0337297402662548,0.03421981302436494
2024-08-07,0.0387755030026733,0.0310204024021386,0.0446125521504118,0.0397755670366748,0.041611962,0.0387436225605069,0.03531150371744027,0.03564176439131485,0.041611962,0.0397755670366748,0.0387436225605069,0.03924417452579
2024-08-08,0.0668432637182162,0.0534746109745729,0.0805239355164574,0.0693803432088002,0.055843193,0.067323264037751,0.06201420141974501,0.05450808247038218,0.055843193,0.0693803432088002,0.067323264037751,0.0683210648357506
2024-08-09,0.0242870094713604,0.0194296075770883,0.03706516602424,0.0268006302924554,0.029688599,0.0253612997750072,0.024997230760335398,0.023905861765253583,0.029688599,0.0268006302924554,0.0253612997750072,0.026059457220334148
2024-08-10,0.0142489879055734,0.0113991903244587,0.0247269846074249,0.0165328757615468,0.020953853,0.0151229639641078,0.015606833459421368,0.015568128288709336,0.020953853,0.0165328757615468,0.0151229639641078,0.015806851651267717
2024-08-11,0.0352182526825985,0.0281746021460788,0.0466814467500734,0.0374705231310726,0.0434734,0.0368773291807667,0.03401729419207939,0.034849849755172954,0.0434734,0.0374705231310726,0.0368773291807667,0.03716506210097408
2024-08-12,0.0360658467216624,0.0288526773773299,0.0475786540844937,0.0382025552082795,0.04088203,0.0373523434944616,0.034764550389811064,0.034101384373798116,0.04088203,0.0382025552082795,0.0373523434944616,0.03776474469829247
2024-08-13,0.0352865260667658,0.0282292208534126,0.0309456938782543,0.0341486716067246,0.027600735,0.0342137502406184,0.029086823306722874,0.027954996778397016,0.027600735,0.0341486716067246,0.0342137502406184,0.03418218338906215
2024-08-14,0.0342833302347237,0.0274266641877789,0.0358456860061748,0.0348314924579194,0.033148423,0.0345813254185218,0.030084586316915372,0.029923210465191336,0.033148423,0.0348314924579194,0.0345813254185218,0.03470267070997055
2024-08-15,0.0443653770334991,0.0354923016267992,0.0455386491707516,0.0443305017830908,0.04182328,0.0441936791750766,0.038663977627890096,0.038254665614640485,0.04182328,0.0443305017830908,0.0441936791750766,0.04426004594859817
2024-08-16,0.0296547618513861,0.0237238094811088,0.0297142884062477,0.029615155010729,0.028757306,0.0293431048881954,0.025615029962859026,0.025920049729783005,0.028757306,0.029615155010729,0.0293431048881954,0.029475064723859606
2024-08-17,0.008787812463119,0.0070302499704952,0.0193833483811617,0.0108645767476597,0.01691617,0.0093992708031977,0.010930177341792469,0.01134372379182123,0.01691617,0.0108645767476597,0.0093992708031977,0.010110027813075935
2024-08-18,0.0193333378655696,0.0154666702924556,0.0249359771097372,0.0206200385889426,0.01898459,0.0200000640666372,0.018456172004191404,0.01700162652502992,0.01898459,0.0206200385889426,0.0200000640666372,0.02030078709266455
2024-08-19,0.0192987935099813,0.015439034807985,0.0255855624651155,0.0205683432993708,0.021279765,0.0196756584528138,0.018642338110377535,0.01798749126985133,0.021279765,0.0205683432993708,0.0196756584528138,0.020108661550017108
2024-08-20,0.0333326331143794,0.0266661064915035,0.0259255080782185,0.0316616968682605,0.028606035,0.0320848392538402,0.026432296322824234,0.027512545751751376,0.028606035,0.0316616968682605,0.0320848392538402,0.03187959104757718
2024-08-21,0.0278924693253266,0.0223139754602612,0.0262900769760621,0.027580899998332,0.027771797,0.0275083595992924,0.023569248155177896,0.02469535931354652,0.027771797,0.027580899998332,0.0275083595992924,0.027543545832796484
2024-08-22,0.0178575797173779,0.0142860637739023,0.0211451649379219,0.0185679865531641,0.019349994,0.0181829637609144,0.016451512107816587,0.016495583009148246,0.019349994,0.0185679865531641,0.0181829637609144,0.018369721788880255
2024-08-23,0.0370695701312629,0.0296556561050103,0.0338430085762201,0.0364387837719971,0.03460596,0.0353482256439612,0.03097762165347866,0.03181559733404288,0.03460596,0.0364387837719971,0.0353482256439612,0.03587720857555356
2024-08-24,0.0105798004679394,0.0084638403743515,0.017351456782903,0.0118167725122507,0.011125792,0.0100153313498953,0.011269699871704167,0.009625316353987383,0.011125792,0.0118167725122507,0.0100153313498953,0.01088913312410253
2024-08-25,0.013458790819499,0.0107670326555992,0.0171501783334909,0.0141817889279384,0.013026002,0.0129165209668601,0.012782219754140622,0.011752677400971369,0.013026002,0.0141817889279384,0.0129165209668601,0.013530248138383265
2024-08-26,0.0128452686911484,0.0102762149529187,0.0238341694526936,0.0150471958383623,0.01733027,0.0140547675894228,0.014556520678227197,0.01335407535326245,0.01733027,0.0150471958383623,0.0140547675894228,0.014536151929260388
2024-08-27,0.0494255799087329,0.0395404639269863,0.0331464395878916,0.0462701351000787,0.04049117,0.0461671425576959,0.03752184238736959,0.03995528073164193,0.04049117,0.0462701351000787,0.0461671425576959,0.046217099818662746
2024-08-28,0.0281636692216769,0.0225309353773415,0.0268250999939972,0.0279984760115523,0.031313315,0.0279205647748828,0.02388662198879854,0.02636290695694391,0.031313315,0.0279984760115523,0.0279205647748828,0.0279583561711577
2024-08-29,0.0287517845613171,0.0230014276490536,0.0241956157951456,0.0278689550005456,0.024559554,0.0278906225026575,0.023378438086645643,0.02368127709200547,0.024559554,0.0278689550005456,0.0278906225026575,0.02788011252754221
2024-08-30,0.0268530740461139,0.0214824592368911,0.0292921061775206,0.0274872080555258,0.030615557,0.027353510228009,0.023947999043295483,0.025467457900769118,0.030615557,0.0274872080555258,0.027353510228009,0.027418361304654262
2024-08-31,0.0084484987311776,0.006758798984942,0.0147414003476382,0.0096407468970984,0.0066027166,0.0078869440128477,0.009278941261283999,0.006690696342051092,0.0066027166,0.0096407468970984,0.0078869440128477,0.00873763850339897
2024-09-01,0.0141726443746234,0.0113381154996987,0.023095670004767,0.015927814770049,0.022872902,0.0159725084131296,0.01505002704686506,0.016371030944608168,0.022872902,0.015927814770049,0.0159725084131296,0.015950829445514278
2024-09-02,0.0198881599829272,0.0159105279863417,0.0253322884676346,0.0210232411536277,0.025575887,0.0207595278889477,0.018885019111181577,0.020127765527683722,0.025575887,0.0210232411536277,0.0207595278889477,0.02088744387275817
2024-09-03,0.0229689330427407,0.0183751464341925,0.025743481752687,0.0235004666660656,0.02584629,0.0229897552621709,0.020701362225097275,0.02163499297253167,0.02584629,0.0235004666660656,0.0229897552621709,0.023237479439988377
2024-09-04,0.0357284493184981,0.0285827594547984,0.030534452945907,0.0344613205151628,0.034495614,0.0364675431251046,0.029198917653601778,0.03116268557335039,0.034495614,0.0344613205151628,0.0364675431251046,0.03549441066168865
2024-09-05,0.0269950547137752,0.0215960437710201,0.0311186196947354,0.0278633232015769,0.03050919,0.027085205940417,0.02460236277339175,0.025485072087009973,0.03050919,0.0278633232015769,0.027085205940417,0.027462637220189573
2024-09-06,0.0518548050149791,0.0414838440119832,0.0500032283859116,0.0515136551984351,0.049722776,0.0526444542556613,0.04417345104027312,0.04507869581534907,0.049722776,0.0515136551984351,0.0526444542556613,0.05209595217681229
2024-09-07,0.0142025500973534,0.0113620400778827,0.0195188961960045,0.0152186019833325,0.01537882,0.0154029178783175,0.013937195345109335,0.01311466148169441,0.01537882,0.0152186019833325,0.0154029178783175,0.01531351415011474
2024-09-08,0.0203812859322422,0.0163050287457937,0.0262155570956058,0.0215172518202064,0.020349778,0.0207334959934288,0.019433826031345677,0.018069853867762727,0.020349778,0.0215172518202064,0.0207334959934288,0.02111366229932584
2024-09-09,0.0366646144484958,0.0293316915587966,0.0412393663813964,0.0372958937596453,0.037203148,0.0368588180237894,0.0330909967489071,0.0327662046029548,0.037203148,0.0372958937596453,0.0368588180237894,0.03707082470012984
2024-09-10,0.0194538658131061,0.0155630926504848,0.0242849355557263,0.020367723737929,0.018309323,0.0200342135407148,0.01831661672545985,0.016761341542303746,0.018309323,0.020367723737929,0.0200342135407148,0.020195985020201222
2024-09-11,0.0301851367197925,0.024148109375834,0.0336433038417739,0.0309670927174027,0.032041527,0.0306432396242017,0.027145783931841316,0.027592204632625093,0.032041527,0.0309670927174027,0.0306432396242017,0.03080032685709891
2024-09-12,0.0128346488627785,0.0102677190902228,0.0231316350836555,0.0148805570242195,0.018287556,0.0146981537567968,0.014328913813769903,0.01376697423879606,0.018287556,0.0148805570242195,0.0146981537567968,0.014786629751475835
2024-09-13,0.025816402997886,0.0206531223983088,0.0268464920807953,0.0261765652243885,0.029164845,0.0259934112571695,0.022608396382399774,0.024366999559686485,0.029164845,0.0261765652243885,0.0259934112571695,0.026082251384093105
2024-09-14,0.0132792403816071,0.0106233923052856,0.0168103166910355,0.0139065740006616,0.013156586,0.0130191837725648,0.012576631480916091,0.011728687983774522,0.013156586,0.0139065740006616,0.0130191837725648,0.013449618677644519
2024-09-15,0.0181432852973135,0.0145146282378508,0.0224186906634801,0.0189770343418795,0.019270524,0.0187993160437716,0.017009975427146835,0.016589744342953825,0.019270524,0.0189770343418795,0.0187993160437716,0.018885519560955993
2024-09-16,0.0184012371695706,0.0147209897356564,0.0250286437705123,0.0196610155532924,0.023586413,0.0191414178068275,0.01797516134248879,0.018589195330238416,0.023586413,0.0196610155532924,0.0191414178068275,0.019393452367946037
2024-09-17,0.0382406523100309,0.0305925218480247,0.0320535886047372,0.0370018131907426,0.036256306,0.0371006216945666,0.031053787034002293,0.033063772333186726,0.036256306,0.0370018131907426,0.0371006216945666,0.03705269393108901
2024-09-18,0.0267515090604473,0.0214012072483578,0.03252884179817,0.0279636633960432,0.03567647,0.02748181513199,0.024914250301680672,0.027629860928337413,0.03567647,0.0279636633960432,0.02748181513199,0.02771553903972943
2024-09-19,0.0230162173028948,0.0184129738423158,0.0251354865559169,0.0233193603154147,0.026621092,0.0237047645437647,0.020535300603108785,0.021994380801895985,0.026621092,0.0233193603154147,0.0237047645437647,0.023517821497521175
2024-09-20,0.0197841552790235,0.0158273242232188,0.0198108937635969,0.0198410385141562,0.0195347,0.0198100823727234,0.017084954606262793,0.017444944870688775,0.0195347,0.0198410385141562,0.0198100823727234,0.01982509786802341
2024-09-21,0.0088595931546703,0.0070876745237362,0.0131212643744929,0.0097859832185334,0.009347725,0.0082629534378972,0.00899250531386652,0.008073790993942731,0.009347725,0.0097859832185334,0.0082629534378972,0.009001709802690315
2024-09-22,0.0182409898286105,0.0145927918628884,0.0224652377748238,0.0191742686244001,0.019540852,0.018579563081367,0.017078157580084016,0.016751754084318275,0.019540852,0.0191742686244001,0.018579563081367,0.018868029210315527
2024-09-23,0.0244133353179136,0.0195306682543308,0.0239459317345045,0.0242934007902294,0.0243044,0.0245776063346715,0.020924586308359285,0.021613566644518217,0.0243044,0.0242934007902294,0.0245776063346715,0.02443975042565678
2024-09-24,0.0201585339869487,0.0161268271895589,0.022950380426895,0.0206821229416003,0.01913533,0.0201983385177793,0.018281052887041654,0.017439512106642283,0.01913533,0.0206821229416003,0.0201983385177793,0.02043300157350513
2024-09-25,0.0176492499123656,0.0141193999298924,0.0224329832706696,0.0184852631933724,0.017102294,0.0180702616782004,0.016744034669000634,0.015420911113959938,0.017102294,0.0184852631933724,0.0180702616782004,0.018271561097706196
2024-09-26,0.0288620013420379,0.0230896010736303,0.0292660051980159,0.0288796744288332,0.03248422,0.0300684397781567,0.025039518956587174,0.027188707952836934,0.03248422,0.0288796744288332,0.0300684397781567,0.02949182073943285
2024-09-27,0.0171647773490848,0.0137318218792678,0.0216532913397851,0.0180353411085531,0.018136837,0.0175474793384672,0.016232664545856743,0.015653839996864836,0.018136837,0.0180353411085531,0.0175474793384672,0.017784120139830682
2024-09-28,0.0089589247629669,0.0071671398103735,0.0156644483881844,0.0102798883953989,0.007839163,0.0089401781073338,0.009849777412964722,0.007460360312575269,0.007839163,0.0102798883953989,0.0089401781073338,0.00959001405596081
2024-09-29,0.0064900977673958,0.0051920782139166,0.0145401312350207,0.0081037557691052,0.007853656,0.0067668450360759,0.008143299570160537,0.006353391078013148,0.007853656,0.0081037557691052,0.0067668450360759,0.007415323040736495
2024-09-30,0.0210718067555536,0.0168574454044428,0.0264279623637968,0.0220383912261448,0.026312267,0.0218961366233852,0.019878899602121747,0.020982820211848247,0.026312267,0.0220383912261448,0.0218961366233852,0.021965138224368914
2024-10-01,0.0374217123274425,0.029937369861954,0.036679756324976,0.0373141021525444,0.036795884,0.0371298348729844,0.0320659708526414,0.032929910879822,0.036795884,0.0373141021525444,0.0371298348729844,0.0372192150199315
2024-10-02,0.0275774507457488,0.022061960596599,0.0231071965098925,0.0267658755699185,0.02399133,0.0266476821266192,0.022391946160722445,0.02290379265556767,0.02399133,0.0267658755699185,0.0266476821266192,0.026705012692064677
2024-10-03,0.0191974591743528,0.0153579673394822,0.021126107916472,0.0196690209928991,0.02137123,0.0197849863805138,0.017178994629143306,0.017981704026557153,0.02137123,0.0196690209928991,0.0197849863805138,0.019728736549233235
2024-10-04,0.0189894510449506,0.0151915608359604,0.0245286150790098,0.0200700597766917,0.021018952,0.0195743495052784,0.018139309829711917,0.017734197146763185,0.021018952,0.0200700597766917,0.0195743495052784,0.019814797277709302
2024-10-05,0.0077614604559282,0.0062091683647425,0.0128865170281168,0.0087837649049147,0.004862448,0.0071604836992749,0.008317236636707609,0.0056215606336839676,0.004862448,0.0087837649049147,0.0071604836992749,0.007947867726667003
2024-10-06,0.0109618942319658,0.0087695153855726,0.0207840326714245,0.0129556176048184,0.0133779645,0.0116413158324554,0.012562551210136224,0.01078029683562156,0.0133779645,0.0129556176048184,0.0116413158324554,0.01227882720087162
2024-10-07,0.0255780145513737,0.0204624116410989,0.0257887675817839,0.0255503250443014,0.026666876,0.0259700000276346,0.022143965582611495,0.023169574404665265,0.026666876,0.0255503250443014,0.0259700000276346,0.025766433709350046
2024-10-08,0.0151368274282383,0.0121094619425906,0.0207232425129358,0.0163214500413639,0.015342101,0.0150122658851517,0.014828870264281884,0.013519943102292029,0.015342101,0.0163214500413639,0.0150122658851517,0.01564729491766613
2024-10-09,0.0207025230616329,0.0165620184493063,0.024122796275709,0.0213739568043989,0.025864929,0.0211805653747914,0.018948989184358868,0.0206211106736812,0.025864929,0.0213739568043989,0.0211805653747914,0.02127437125523801
2024-10-10,0.0277572113614936,0.0222057690891948,0.0277743420624666,0.0278353912276679,0.0310116,0.0283511425416496,0.02396379201069739,0.026047973051539056,0.0310116,0.0278353912276679,0.0283511425416496,0.028100973719806056
2024-10-11,0.0308694995089518,0.0246955996071614,0.0335770081745027,0.0314863550240509,0.037109677,0.0317089317058839,0.02749949926180518,0.03011217162980671,0.037109677,0.0314863550240509,0.0317089317058839,0.031600969312469654
2024-10-12,0.0089919676223034,0.0071935740978427,0.0181041646780324,0.0107634581302081,0.011386575,0.0097178980921365,0.010638095417608028,0.009023085116571619,0.011386575,0.0107634581302081,0.0097178980921365,0.010225054381999773
2024-10-13,0.0135438178043464,0.0108350542434771,0.0199138765708526,0.0148545521025827,0.012889627,0.013714316912489,0.013701278288377762,0.011731515652513515,0.012889627,0.0148545521025827,0.013714316912489,0.01426739605431047
2024-10-14,0.0317189245714039,0.0253751396571231,0.0349114191977485,0.0324456509865856,0.036445513,0.0324071177651119,0.028385784951482133,0.030205420042184742,0.036445513,0.0324456509865856,0.0324071177651119,0.032425808576665036
2024-10-15,0.0322659347281015,0.0258127477824812,0.0358989727505727,0.0327467513782334,0.036676005,0.0325422630518798,0.028997013261347376,0.030552658229080834,0.036676005,0.0327467513782334,0.0325422630518798,0.03264145156056183
2024-10-16,0.0167690185911243,0.0134152148728994,0.0217501949512139,0.0178285233746645,0.020789936,0.0168576003396687,0.01604660465593298,0.016632989892967194,0.020789936,0.0178285233746645,0.0168576003396687,0.017328553423414557
2024-10-17,0.0132542050284841,0.0106033640227872,0.0196818785591156,0.0146023709883236,0.016712466,0.0138833179849792,0.013469490896703764,0.013268917797435576,0.016712466,0.0146023709883236,0.0138833179849792,0.01423209972884135
2024-10-18,0.016358376001926,0.0130867008015407,0.0223690029390046,0.0176377828865905,0.020543598,0.0169540247775508,0.016017164315317033,0.016340331293986106,0.020543598,0.0176377828865905,0.0169540247775508,0.017285686483352103
2024-10-19,0.0070538659700502,0.0056430927760401,0.0131536943246709,0.0082638841657064,0.0079785185,0.0070727980745458,0.008014222640036104,0.006662097349401699,0.0079785185,0.0082638841657064,0.0070727980745458,0.0076505428055082415
2024-10-20,0.0119910227769183,0.0095928182215346,0.0205570095018183,0.0137620009418798,0.015923087,0.0129608939257366,0.013054261517509297,0.012354872595469867,0.015923087,0.0137620009418798,0.0129608939257366,0.013349476548729693
2024-10-21,0.0233398245869987,0.0186718596695989,0.0254161891015836,0.0237185499671738,0.029717457,0.0241839472754925,0.020801074064113204,0.023491329661607364,0.029717457,0.0237185499671738,0.0241839472754925,0.023958203020160607
2024-10-22,0.0132986892008084,0.0106389513606467,0.0190298152545327,0.014533450973708,0.0144832395,0.013413609740723,0.013287983909463771,0.012316310291453796,0.0144832395,0.014533450973708,0.013413609740723,0.01395679664943851
2024-10-23,0.0225094845997024,0.0180075876797619,0.0234348139748421,0.0225679106091298,0.02221583,0.0221828674349072,0.019720986834757023,0.019843748909871773,0.02221583,0.0225679106091298,0.0221828674349072,0.022369635349293135
2024-10-24,0.0199758316495331,0.0159806653196264,0.0237276043981038,0.0207624375800717,0.02169294,0.0202471313337136,0.018426407978799172,0.01847307343343645,0.02169294,0.0207624375800717,0.0202471313337136,0.020497084272359148
2024-10-25,0.030433155111955,0.024346524089564,0.0324205213265345,0.0308318125662168,0.03573389,0.0318116091042648,0.026895520444442135,0.029315116249113017,0.03573389,0.0308318125662168,0.0318116091042648,0.031336351865116886
2024-10-26,0.0100710324875805,0.0080568259900644,0.0180448819101998,0.0115867567908208,0.011372108,0.0105625354072287,0.011210099069743696,0.009503366334057725,0.011372108,0.0115867567908208,0.0105625354072287,0.011059341231846133
2024-10-27,0.0121214353947618,0.0096971483158094,0.0201432241167776,0.0137744925297423,0.012301905,0.0123536430487555,0.012995020281571866,0.010833668713976424,0.012301905,0.0137744925297423,0.0123536430487555,0.013042836136663162
2024-10-28,0.0208412022663889,0.0166729618131111,0.0254473378759055,0.0216765284134205,0.027551847,0.0221425876288602,0.01944307083643112,0.021419691133073786,0.027551847,0.0216765284134205,0.0221425876288602,0.021916522310798763
2024-10-29,0.0294306987832753,0.0235445590266202,0.0358242588157906,0.0308365907033702,0.033166856,0.0311029537157331,0.027421314131051935,0.027743007524263726,0.033166856,0.0308365907033702,0.0311029537157331,0.030973752453072063
2024-10-30,0.0145544243571888,0.011643539485751,0.0210029386973125,0.0158522548365606,0.01736802,0.0154491440162494,0.014598342884107267,0.01414127330973591,0.01736802,0.0158522548365606,0.0154491440162494,0.015644675770131112
2024-10-31,0.0240103590473692,0.0192082872378953,0.0310134486944282,0.0255140176280989,0.028699605,0.025808255537165,0.022935228508529297,0.023349586234300005,0.028699605,0.0255140176280989,0.025808255537165,0.02566553335874824
2024-11-01,0.0274271161752387,0.0219416929401909,0.0314427255496014,0.0281786176864141,0.034969717,0.0284140262745773,0.02494121062370855,0.027626145227673864,0.034969717,0.0281786176864141,0.0284140262745773,0.028299839674260214
2024-11-02,0.0092439096284052,0.0073951277027241,0.015499300108002,0.0104719572936607,0.007940443,0.0091255355237386,0.009953650490639787,0.007633062386815008,0.007940443,0.0104719572936607,0.0091255355237386,0.009778626924098786
2024-11-03,0.0190112984591057,0.0152090387672845,0.0265233572868593,0.0202582165873156,0.024378596,0.0204086695120398,0.018781018768995232,0.019209945608369913,0.024378596,0.0202582165873156,0.0204086695120398,0.020335691257014933
2024-11-04,0.026332882373973,0.0210663058991784,0.0260388839633008,0.0263355064028513,0.026857786,0.0265804666291231,0.022636170612750046,0.023593273316178227,0.026857786,0.0263355064028513,0.0265804666291231,0.0264616469391996
2024-11-05,0.02862710580936,0.022901684647488,0.0309980505910012,0.0291787249796326,0.03405371,0.0293229689319306,0.025457742901171303,0.027767591843708188,0.03405371,0.0291787249796326,0.0293229689319306,0.02925300238288614
2024-11-06,0.043919923226604,0.0351359385812832,0.0503369715887014,0.045156032548779,0.053875446,0.0462549876237465,0.039934971400971145,0.04331245370925646,0.053875446,0.045156032548779,0.0462549876237465,0.04572193169366823
2024-11-07,0.022636450049186,0.0181091600393488,0.0210187886398092,0.0223408031700414,0.017325815,0.0209436514710619,0.01902774255541188,0.017767367033719367,0.017325815,0.0223408031700414,0.0209436514710619,0.021621349782234428
2024-11-08,0.0142712383078453,0.0114169906462762,0.0216039783650913,0.0156639096484008,0.016493537,0.0153508361998233,0.01463306736767363,0.013632014613108005,0.016493537,0.0156639096484008,0.0153508361998233,0.015502694689870516
2024-11-09,0.0108996500342565,0.0087197200274052,0.0151389000969947,0.0116696443373725,0.007952949,0.0106330342469694,0.010746283341517688,0.008385158677142157,0.007952949,0.0116696443373725,0.0106330342469694,0.011135849301428916
2024-11-10,0.03400463327445,0.0272037066195599,0.0299111432480187,0.0330305195001291,0.034042593,0.0340291797791116,0.028058456242882102,0.030187683556558164,0.034042593,0.0330305195001291,0.0340291797791116,0.033544772549033534
2024-11-11,0.0481853755034891,0.0385483004027912,0.0511742129476181,0.0487290298608388,0.055725843,0.0485639026263663,0.04253435639329951,0.04604329126723626,0.055725843,0.0487290298608388,0.0485639026263663,0.04864399875910003
2024-11-12,0.0390406642249087,0.0312325313799269,0.0471072541806207,0.0406641059300942,0.049941238,0.0418349357433803,0.03624425102337482,0.039395607350165826,0.049941238,0.0406641059300942,0.0418349357433803,0.04126701646323771
2024-11-13,0.0537039160420593,0.0429631328336474,0.0584386896598024,0.0545264704817654,0.058326498,0.0565048657483932,0.04784883402746894,0.04966655277379977,0.058326498,0.0545264704817654,0.0565048657483932,0.055545231134625284
2024-11-14,0.0345418256232594,0.0276334604986075,0.04170609671354,0.0359880718458206,0.043732703,0.0371793268986109,0.03207625349971688,0.034657962099437715,0.043732703,0.0359880718458206,0.0371793268986109,0.03660150021161521
2024-11-15,0.0275425390561014,0.0220340312448811,0.0408743465631913,0.0301382012298658,0.034132466,0.0294566307207119,0.02798200145859729,0.027312880501144048,0.034132466,0.0301382012298658,0.0294566307207119,0.029787231315719573
2024-11-16,0.013053854768481,0.0104430838147848,0.0214669910574579,0.0147964012791267,0.015425487,0.01385536078687,0.013923379702108132,0.0126170307658602,0.015425487,0.0147964012791267,0.01385536078687,0.014311819131953892
2024-11-17,0.0208121127865175,0.016649690229214,0.0271037128334724,0.0221838861036304,0.026439257,0.0210538602021999,0.019950071035644244,0.02092112271722532,0.026439257,0.0221838861036304,0.0210538602021999,0.021601987256363045
2024-11-18,0.0246508748244732,0.0197206998595785,0.0305560370114372,0.0257786316434025,0.030668352,0.0271004324199449,0.02314146334182198,0.024497433918902814,0.030668352,0.0257786316434025,0.0271004324199449,0.026459283606524275
2024-11-19,0.0241694947899168,0.0193355958319334,0.0259383208017756,0.0243800055396024,0.027299047,0.0247005861594406,0.02142010507641583,0.022810248473098267,0.027299047,0.0243800055396024,0.0247005861594406,0.02454508626288844
2024-11-20,0.0215966015899368,0.0172772812719494,0.0256776232364713,0.0223052950639815,0.029264126,0.022918001754865,0.0199293060892542,0.02250744101231058,0.029264126,0.0223052950639815,0.022918001754865,0.022620804041861363
2024-11-21,0.0252559918919476,0.020204793513558,0.0318095564832131,0.0265710246490012,0.035917208,0.0274489376142539,0.023868468102574168,0.027060512389981726,0.035917208,0.0265710246490012,0.0274489376142539,0.02702309972253263
2024-11-22,0.0173548327973663,0.013883866237893,0.0199296048797973,0.0179220288278464,0.019067107,0.0176939697549187,0.015792532454695203,0.016145443639920445,0.019067107,0.0179220288278464,0.0176939697549187,0.017804591420900687
2024-11-23,0.0102018462554495,0.0081614770043596,0.0193989718593897,0.0120058728520223,0.013375803,0.0109935642268463,0.01170920343808592,0.010436617670167849,0.013375803,0.0120058728520223,0.0109935642268463,0.011484591683756137
2024-11-24,0.0205432622972413,0.016434609837793,0.0218195562012977,0.0208771532490251,0.022417068,0.0212378478087114,0.018134661032873423,0.01904490575287646,0.022417068,0.0208771532490251,0.0212378478087114,0.02106289036198098
2024-11-25,0.0336608148763715,0.0269286519010972,0.0317219974402783,0.0332279175850612,0.035043865,0.0339405101818453,0.0284419321201066,0.030469522063118204,0.035043865,0.0332279175850612,0.0339405101818453,0.03359486210386825
2024-11-26,0.0310609957730744,0.0248487966184595,0.0251907172746847,0.0299729215620701,0.03160214,0.0310577868533411,0.024956742469912696,0.02779544900850109,0.03160214,0.0299729215620701,0.0310577868533411,0.030531565272476933
2024-11-27,0.0312668605388668,0.0250134884310934,0.0319039124669414,0.0314148260139878,0.030883633,0.0317915740354034,0.027188825533082727,0.02757477912025611,0.030883633,0.0314148260139878,0.0317915740354034,0.03160882974354344
2024-11-28,0.0141598184223428,0.0113278547378742,0.019666604791259,0.0153266437794953,0.0133912,0.013914124721896,0.013960434718579407,0.012228143810208782,0.0133912,0.0153266437794953,0.013914124721896,0.014599277079033208
2024-11-29,0.0206531790545389,0.0165225432436311,0.0248079236871421,0.0213947511321375,0.020222059,0.0212643181155765,0.019138274204323437,0.018136734367881956,0.020222059,0.0213947511321375,0.0212643181155765,0.021327585572581416
2024-11-30,0.007415172796615,0.005932138237292,0.0183382814412786,0.0095321674038885,0.01048117,0.0084637177001033,0.009848812082590905,0.007916994412767706,0.01048117,0.0095321674038885,0.0084637177001033,0.008981976784179068
2024-12-01,0.0148373842294303,0.0118699073835442,0.0223579118007587,0.016232597747762,0.013567837,0.0153951463333497,0.015181016397430427,0.012610756482988424,0.013567837,0.016232597747762,0.0153951463333497,0.01580135806372286
2024-12-02,0.0260372830598872,0.0208298264479097,0.0252296095488468,0.025758693559717,0.031521697,0.0268545447325166,0.02221885727828823,0.025494956611799808,0.031521697,0.025758693559717,0.0268545447325166,0.02632299437213328
2024-12-03,0.0203140376609264,0.0162512301287411,0.0228225941046144,0.0206977279932587,0.021175839,0.0199291538267193,0.01832583856982146,0.018399959977156558,0.021175839,0.0206977279932587,0.0199291538267193,0.020301956160964772
2024-12-04,0.0270723893721203,0.0216579114976962,0.0281821365400146,0.0273104597890968,0.03216049,0.0280600883025368,0.02371763797061659,0.026240448812473394,0.03216049,0.0273104597890968,0.0280600883025368,0.027696475691296282
2024-12-05,0.0983627786300512,0.0786902229040409,0.0929881902032083,0.0977852333860029,0.08526642,0.0969271878450657,0.08320415391715325,0.08155958194524698,0.08526642,0.0977852333860029,0.0969271878450657,0.09734338890213559
2024-12-06,0.0384363790380737,0.0307491032304589,0.0463066367654899,0.0398287047450929,0.041249212,0.0418980840491478,0.03566068483097081,0.035330562939147256,0.041249212,0.0398287047450929,0.0418980840491478,0.04089431698465672
2024-12-07,0.0113061952471376,0.00904495619771,0.0232542997006726,0.0136934179340795,0.013515941,0.01198755392407,0.013530908289496093,0.010995758535040912,0.013515941,0.0136934179340795,0.01198755392407,0.012814995324683722
2024-12-08,0.0173274359322582,0.0138619487458065,0.0301719942618324,0.0199218784416958,0.023986101,0.018421854945381,0.01901110168059817,0.01827936923689357,0.023986101,0.0199218784416958,0.018421854945381,0.01914945194928127
2024-12-09,0.0451824281931809,0.0361459425545447,0.0551692871084608,0.0471622912731492,0.048299283,0.0486213614127748,0.042151695901039204,0.04144874853483546,0.048299283,0.0471622912731492,0.0486213614127748,0.047913629124127284
2024-12-10,0.0291578584457445,0.0233262867565956,0.0307931109740854,0.0293479527757383,0.035907764,0.0313396646540369,0.02568359592506378,0.02881589951505047,0.035907764,0.0293479527757383,0.0313396646540369,0.03037357072361322
2024-12-11,0.0343249973714846,0.0274599978971876,0.035767288389789,0.0344374827882779,0.040323168,0.0354874238643445,0.030082645956514907,0.03307252028581188,0.040323168,0.0344374827882779,0.0354874238643445,0.03497814252102242
2024-12-12,0.0215339256154717,0.0172271404923773,0.0299570495808975,0.0231846067729434,0.02980617,0.0231727410616255,0.02124602864804668,0.02271568524257554,0.02980617,0.0231846067729434,0.0231727410616255,0.023178496608805436
2024-12-13,0.0167683930643307,0.0134147144514645,0.0272721607890389,0.0187780972709871,0.023347298,0.0183215941894377,0.017789571064079607,0.017748548731619768,0.023347298,0.0187780972709871,0.0183215941894377,0.018543024237182022
2024-12-14,0.0141982217662899,0.0113585774130319,0.0192201633150195,0.0151691855763104,0.020723643,0.015155743695343,0.013840514577435334,0.015444789432128285,0.020723643,0.0151691855763104,0.015155743695343,0.015162263774756886
2024-12-15,0.020438411383134,0.0163507291065072,0.0252293091709233,0.0214562197435279,0.028519949,0.0215933017381941,0.01915373579036656,0.021660463686584572,0.028519949,0.0214562197435279,0.0215933017381941,0.0215268091473428
2024-12-16,0.028357491207892,0.0226859929663136,0.0254552484758685,0.0277582333492797,0.031951785,0.0291155813884928,0.02356025908164735,0.0267288894546397,0.031951785,0.0277582333492797,0.0291155813884928,0.028457190123950843
2024-12-17,0.0200606999844674,0.0160485599875739,0.020680830470892,0.0201718325876191,0.019176124,0.0199852199979415,0.017510988104680596,0.01741319428077657,0.019176124,0.0201718325876191,0.0199852199979415,0.020075737754145367
2024-12-18,0.026849365446247,0.0214794923569976,0.0346539731327251,0.0284298264470292,0.034937296,0.0273089360464333,0.025638733745014457,0.02735146821087721,0.034937296,0.0284298264470292,0.0273089360464333,0.027852631861317388
2024-12-19,0.0475771993992375,0.03806175951939,0.039984454271606,0.0462240597021224,0.041953802,0.0478119487790383,0.03866876268908402,0.039759954862008104,0.041953802,0.0462240597021224,0.0478119487790383,0.047041731953949645
2024-12-20,0.0445146817557014,0.0356117454045611,0.0419215936375912,0.0439510711847646,0.055845384,0.0467632230990725,0.03760379217814445,0.044440187282617595,0.055845384,0.0439510711847646,0.0467632230990725,0.045399168927661424
2024-12-21,0.0224441336271275,0.017955306901702,0.0250229916089289,0.022839854917075,0.018593255,0.0221648127614644,0.020186605975431808,0.018233659590491752,0.018593255,0.022839854917075,0.0221648127614644,0.022492246732422397
2024-12-22,0.0192786790195546,0.0154229432156436,0.0308560742439404,0.0215962389180794,0.025758984,0.0204578150807075,0.020295250398924956,0.019932815964605416,0.025758984,0.0215962389180794,0.0204578150807075,0.021010015613082765
2024-12-23,0.0300010172945058,0.0240008138356046,0.0364500487707898,0.0313639891186341,0.03543658,0.0319407671925859,0.027931091929521236,0.02899052423480924,0.03543658,0.0313639891186341,0.0319407671925859,0.03166099690928453
2024-12-24,0.0359299054276996,0.0287439243421596,0.0362750402944716,0.0361069775794229,0.034811776,0.0373039047718686,0.031121530693411066,0.03139147957219067,0.034811776,0.0361069775794229,0.0373039047718686,0.03672332677342405
2024-12-25,0.0130343272257768,0.0104274617806214,0.0198732008065044,0.0143084341058991,0.020387564,0.0136743398215759,0.013409523037201672,0.014773303144176608,0.020387564,0.0143084341058991,0.0136743398215759,0.013981911738014084
2024-12-26,0.0256078448749946,0.0204862758999956,0.0286360400629587,0.0262883431921993,0.03089739,0.0262942791467798,0.02305919220586048,0.025028905011618793,0.03089739,0.0262883431921993,0.0262942791467798,0.026291399870036022
2024-12-27,0.0283091420717657,0.0226473136574125,0.030009694052832,0.028600115432153,0.032460637,0.0290634458653724,0.024971649452973425,0.02692911173104907,0.032460637,0.028600115432153,0.0290634458653724,0.02883870416242277
2024-12-28,0.0099330395532501,0.0079464316426,0.0184871087836729,0.0116326690126739,0.009954707,0.0097171358123577,0.011274169666526234,0.008822692340067224,0.009954707,0.0116326690126739,0.0097171358123577,0.01064627873634898
2024-12-29,0.0141685106039371,0.0113348084831496,0.0232883325196267,0.0158647588922254,0.019327378,0.0154917900780102,0.015108588471258805,0.014822166187153762,0.019327378,0.0158647588922254,0.0154917900780102,0.015672701238693958
2024-12-30,0.0257290584465624,0.0205832467572499,0.0259549202744442,0.0256594645095792,0.02628788,0.0265036001028228,0.0222791076565114,0.023072320720970943,0.02628788,0.0256594645095792,0.0265036001028228,0.026094146164242146
2024-12-31,0.0312394390098085,0.0249915512078468,0.0214446447201312,0.0292088328966482,0.025855565,0.0293624091693226,0.023871777266522908,0.025368542005121553,0.025855565,0.0292088328966482,0.0293624091693226,0.02928791591228857
2025-01-01,0.0156430658514456,0.0125144526811564,0.021475899216938,0.0165222728086112,0.012769356,0.0158563184069717,0.015343620673628185,0.01262567336567736,0.012769356,0.0165222728086112,0.0158563184069717,0.016179344298604403
2025-01-02,0.0200570504539063,0.016045640363125,0.0264278822593973,0.0212873481479412,0.028500551,0.0221955582040826,0.01932335968508392,0.021480028950001576,0.028500551,0.0212873481479412,0.0221955582040826,0.021755024494188036
2025-01-03,0.0194331754698111,0.0155465403758488,0.0213908909758679,0.0198402696967075,0.018949602,0.0197925470956169,0.017391627504175364,0.017031381157923256,0.018949602,0.0198402696967075,0.0197925470956169,0.019815695280733438
2025-01-04,0.0090994190832042,0.0072795352665633,0.0173331889343797,0.0107196239031797,0.0069433013,0.0095820759655833,0.010453517843015948,0.007132827989113874,0.0069433013,0.0107196239031797,0.0095820759655833,0.010133851636578768
2025-01-05,0.0112136847765948,0.0089709478212758,0.0214450427140137,0.0132190562806914,0.011778597,0.010752704578103,0.012909074312872595,0.010195995282285963,0.011778597,0.0132190562806914,0.010752704578103,0.011949025911586326
2025-01-06,0.0214489786629284,0.0171591829303427,0.0268859368750739,0.0224263454325572,0.02553412,0.0226273367907627,0.02022996182984345,0.020813377147714827,0.02553412,0.0224263454325572,0.0226273367907627,0.022529844511208784
2025-01-07,0.0328452379018956,0.0262761903215164,0.0320631339699209,0.0328630355169586,0.038958855,0.0340566709857399,0.028103153823327436,0.03180995368517125,0.038958855,0.0328630355169586,0.0340566709857399,0.033477689661135304
2025-01-08,0.03335574901364,0.026684599210912,0.0284687016320536,0.0323138064441434,0.036866173,0.0334006717702686,0.027247848173569005,0.031127074151843754,0.036866173,0.0323138064441434,0.0334006717702686,0.0328734800583557
2025-01-09,0.0269675661370619,0.0215740529096495,0.0331637673549232,0.0283679227131498,0.034276053,0.0281869358590613,0.025232976613488396,0.02711625279642648,0.034276053,0.0283679227131498,0.0281869358590613,0.0282747248124368
2025-01-10,0.0231800706619877,0.0185440565295901,0.0311514346162164,0.0247154366340458,0.025623556,0.0247622198261704,0.022524261110318806,0.02163301896733645,0.025623556,0.0247154366340458,0.0247622198261704,0.024739527308015603
2025-01-11,0.0090910400688528,0.0072728320550822,0.0159029972777757,0.0105208948241633,0.010916257,0.0090039898235999,0.009997413083412586,0.008862549357363109,0.010916257,0.0105208948241633,0.0090039898235999,0.00973977532050897
2025-01-12,0.0129958467428749,0.0103966773942999,0.0214519380700824,0.014538096225572,0.012215503,0.0129963742558799,0.01388687169802878,0.011190276433370606,0.012215503,0.014538096225572,0.0129963742558799,0.01374419739915137
2025-01-13,0.0510577567638728,0.0408462054110982,0.0377344113759473,0.0483779155629017,0.04959246,0.0502887201510288,0.03986379838023979,0.044662414736207454,0.04959246,0.0483779155629017,0.0502887201510288,0.04936187087381695
2025-01-14,0.0180125046658982,0.0144100037327185,0.0261033342839285,0.0196973353455618,0.024558237,0.0189291883183792,0.01810163949584928,0.018837931371267422,0.024558237,0.0196973353455618,0.0189291883183792,0.019301783465659257
2025-01-15,0.0168255954282136,0.0134604763425708,0.0297499493020322,0.0194154692131066,0.028304657,0.018970898743701,0.018603134430986584,0.01993736311423756,0.028304657,0.0194154692131066,0.018970898743701,0.01918654079354671
2025-01-16,0.0250017011699869,0.0200013609359895,0.0241786928120571,0.0247581789164597,0.023699068,0.0255149116496478,0.021320162938602998,0.021614762882590174,0.023699068,0.0247581789164597,0.0255149116496478,0.025147853086382885
2025-01-17,0.0321179398890006,0.0256943519112004,0.0407640274628799,0.0337978199830091,0.038928833,0.035202731646253,0.030451914605740066,0.03146888655693848,0.038928833,0.0337978199830091,0.035202731646253,0.034521269309541525
2025-01-18,0.0182796922692163,0.014623753815373,0.0214024168372099,0.0189107041184555,0.021664131,0.0182891700840048,0.016763807474852916,0.017695646222707275,0.021664131,0.0189107041184555,0.0182891700840048,0.0185906495624259
2025-01-19,0.0422081271619453,0.0337665017295562,0.0409852406557757,0.0420419187852198,0.05419448,0.0432086532536827,0.03604548928301919,0.042679738861678765,0.05419448,0.0420419187852198,0.0432086532536827,0.04264272044950573
2025-01-20,0.0127111408563689,0.0101689126850951,0.019891861670375,0.014120871880271,0.014147393,0.0132544730832714,0.01323849034220163,0.011904823013702406,0.014147393,0.014120871880271,0.0132544730832714,0.013674725946262161
2025-01-21,0.0427111847560038,0.034168947804803,0.0448139548608997,0.0431700769531328,0.056660507,0.0450134857931081,0.037529623240682104,0.04398257683475043,0.056660507,0.0431700769531328,0.0450134857931081,0.044119327300108195
2025-01-22,0.0146991296123816,0.0117593036899052,0.0265807047235949,0.0170117372032132,0.02113999,0.0165359975704632,0.01643848502973405,0.015852331420647653,0.02113999,0.0170117372032132,0.0165359975704632,0.016766758443393467
2025-01-23,0.0379605360319803,0.0303684288255842,0.0430283684542695,0.0388810623762245,0.047848962,0.0417541732631595,0.034365227315771,0.03799562204640988,0.047848962,0.0388810623762245,0.0417541732631595,0.040360550511020665
2025-01-24,0.0288914628154333,0.0231131702523466,0.0213581056553996,0.0273243066153103,0.019595983,0.0275768875937696,0.022559088658200284,0.02157853360826901,0.019595983,0.0273243066153103,0.0275768875937696,0.027454371404109452
2025-01-25,0.0079387758814589,0.0063510207051671,0.01622827489352,0.0095718709140616,0.007225059,0.0079689658537766,0.009469313191945702,0.006732385443334723,0.007225059,0.0095718709140616,0.0079689658537766,0.008746466287779926
2025-01-26,0.0157422321101585,0.0125937856881268,0.0233223153106738,0.017260605201366,0.021233188,0.0178873729108221,0.015980829564715422,0.016363372696007475,0.021233188,0.017260605201366,0.0178873729108221,0.01758335480133111
2025-01-27,0.038436503706686,0.0307492029653488,0.0287684805023821,0.0363629631400709,0.038417384,0.0384967450784145,0.030123880192756206,0.034095021872586465,0.038417384,0.0363629631400709,0.0384967450784145,0.03746173906075577
2025-01-28,0.024016264514728,0.0192130116117824,0.0192728637734274,0.0230186757565907,0.020590898,0.0234396426310468,0.019231907201833646,0.01981421785729113,0.020590898,0.0230186757565907,0.0234396426310468,0.02323544967183782
2025-01-29,0.0187276276131595,0.0149821020905276,0.0262225702388162,0.0203108342694574,0.024121026,0.0203420753833254,0.018530767205981874,0.018969642847578856,0.024121026,0.0203108342694574,0.0203420753833254,0.020326921660130594
2025-01-30,0.0206080064994461,0.0164864051995568,0.0223672404025144,0.0209711684782533,0.021972086,0.0211549804454439,0.01834301067711856,0.018879944744105176,0.021972086,0.0209711684782533,0.0211549804454439,0.021065821150981205
2025-01-31,0.0270353745579494,0.0216282996463595,0.0268527686472405,0.0270449210013347,0.030655626,0.0270417364428757,0.023277687433915433,0.02556714760252139,0.030655626,0.0270449210013347,0.0270417364428757,0.027043281135474988
2025-02-01,0.0094178958893898,0.0075343167115118,0.0172412758832681,0.0109931200827992,0.011849371,0.0099093524910625,0.010598846314328666,0.009417082671123435,0.011849371,0.0109931200827992,0.0099093524910625,0.01043504162500547
2025-02-02,0.0108250590288949,0.0086600472231159,0.0215082735843263,0.0131004761394945,0.014410426,0.0121765417524377,0.012716288660927295,0.011169081105928003,0.014410426,0.0131004761394945,0.0121765417524377,0.012624702660233158
2025-02-03,0.0444422588152943,0.0355538070522354,0.0340203562786955,0.0421678355294744,0.04077546,0.0435494255595014,0.03506968991453808,0.03783214465025467,0.04077546,0.0421678355294744,0.0435494255595014,0.04287927554589444
2025-02-04,0.0331184197262124,0.0264947357809699,0.0399581788594246,0.0344802462227521,0.0522299,0.0361734860798872,0.030745203835869442,0.0377236306956573,0.0522299,0.0344802462227521,0.0361734860798872,0.035352168113893516
2025-02-05,0.0203944456965757,0.0163155565572605,0.02306235891233,0.0208838606234937,0.026670946,0.021251855378382,0.018445551664443394,0.020833871609130312,0.026670946,0.0208838606234937,0.021251855378382,0.021073356920347484
2025-02-06,0.0249984254866262,0.0199987403893009,0.0238407243243941,0.0246801251834335,0.020120095,0.0246678818793133,0.0212116715755057,0.02005169043692272,0.020120095,0.0246801251834335,0.0246678818793133,0.024673820580552036
2025-02-07,0.0326411417704134,0.0261129134163307,0.0358245092036749,0.0332980121107789,0.03683866,0.0339447346344636,0.029178906819033255,0.030792824538892365,0.03683866,0.0332980121107789,0.0339447346344636,0.03363103730122593
2025-02-08,0.0087449891271373,0.0069959913017098,0.0155628933131431,0.0101345394518985,0.009330307,0.0082148492438588,0.009700599856658382,0.008014511543147515,0.009330307,0.0101345394518985,0.0082148492438588,0.009146008553841527
2025-02-09,0.0192223492984012,0.0153778794387209,0.023209651082548,0.0199109879718069,0.020252116,0.0187923294192034,0.017850404111003762,0.017504630590184624,0.020252116,0.0199109879718069,0.0187923294192034,0.01933494266043686
2025-02-10,0.0216961605465008,0.0173569284372006,0.0237033610350738,0.0220587418706509,0.023109464,0.0221901657052312,0.01936052505529016,0.019866903379575807,0.023109464,0.0220587418706509,0.0221901657052312,0.022126417644939722
2025-02-11,0.0040015429586302,0.0032012343669041,0.0189592191536958,0.0069319540779185,0.006114694,0.0042780107848077,0.008176099307138892,0.004472449571896893,0.006114694,0.0069319540779185,0.0042780107848077,0.0055653247457774025
2025-02-12,0.0097718257621371,0.0078174606097096,0.0252120301409456,0.0128719376759151,0.0256806,0.014071961784845,0.013309002534788512,0.015611594478560564,0.0256806,0.0128719376759151,0.014071961784845,0.013489881605160774
2025-02-13,0.0027315714159519,0.0021852571327615,0.0222585836316117,0.0065566266068748,0.0084106885,0.0040349302390966,0.008522494386393069,0.004901568325741108,0.0084106885,0.0065566266068748,0.0040349302390966,0.0052580968937851556
2025-02-14,0.0064858817486091,0.0051887053988872,0.024029964490418,0.0098457638141434,0.014788932,0.0081341702017931,0.011136973565950233,0.009377524041877187,0.014788932,0.0098457638141434,0.0081341702017931,0.008964390786537567
2025-02-15,0.0036412766850212,0.0029130213480169,0.0189202688441232,0.0066698929206958,0.005283518,0.0038423522893066,0.007966579619299743,0.003947328243212601,0.005283518,0.0066698929206958,0.0038423522893066,0.005213870866755135
2025-02-16,0.0077284779408085,0.0061827823526468,0.0240703057997521,0.0109171016571486,0.015837355,0.0093213375664558,0.01182995199195382,0.010395313532967751,0.015837355,0.0109171016571486,0.0093213375664558,0.010095374222662984
2025-02-17,0.0078353392357872,0.0062682713886297,0.0201537058849564,0.0102508672568692,0.0106085995,0.0082032016051507,0.010651963985769633,0.008162064948408177,0.0106085995,0.0102508672568692,0.0082032016051507,0.009196436309033764
2025-02-18,0.0038509503426891,0.0030807602741512,0.0205244957118521,0.0070228860254257,0.007481206,0.0044272496887239,0.008587824091631743,0.005000784650634612,0.007481206,0.0070228860254257,0.0044272496887239,0.005686281448185454
2025-02-19,0.0058675361104684,0.0046940288883747,0.0206313161248761,0.0087982991867062,0.010830885,0.0070313172326536,0.009725500398727943,0.007371692485059324,0.010830885,0.0087982991867062,0.0070313172326536,0.007888404324204533
2025-02-20,0.0042766224143072,0.0034212979314457,0.0210707800263183,0.0075541216908348,0.009927327,0.0058070583561044,0.008993316871372607,0.006260040909766241,0.009927327,0.0075541216908348,0.0058070583561044,0.0066544837805039385
2025-02-21,0.003027978239763,0.0024223825918104,0.0223818191635021,0.0067290103160538,0.016268626,0.0050286408537592,0.00872366429571066,0.00846384441698012,0.016268626,0.0067290103160538,0.0050286408537592,0.005853417085150592
2025-02-22,0.0048022829723704,0.0038418263778963,0.022214070714579,0.0082328141390151,0.020608984,0.0083015655749418,0.009642024528906114,0.011157756027856697,0.020608984,0.0082328141390151,0.0083015655749418,0.008268217204788264
2025-02-23,0.0020147748844655,0.0016118199075724,0.006672311830058,0.0029228743216291,0.00037123513,0.0020198166114429,0.0032094394119786245,0.0010705217840570134,0.00037123513,0.0029228743216291,0.0020198166114429,0.002457851139498467
2025-02-24,0.0050572555035033,0.0040458044028026,0.0176365649768481,0.0076479851454501,0.012028764,0.006636438564409,0.008336467149705148,0.007528969058843141,0.012028764,0.0076479851454501,0.006636438564409,0.007127096386422613
2025-02-25,0.0109172342613779,0.0087337874091023,0.0309596596939975,0.0149093934869161,0.030029032,0.0152118590875321,0.015750592812350396,0.01802543449783292,0.030029032,0.0149093934869161,0.0152118590875321,0.015065146009149155
2025-02-26,0.04966620732817,0.039732965862536,0.0817200747169884,0.0561459816883638,0.062164627,0.0532197060418959,0.05298848035934653,0.04952045987387024,0.062164627,0.0561459816883638,0.0532197060418959,0.054639116736586474
2025-02-27,0.0156808173466726,0.012544653877338,0.0373318732267647,0.0198761310033421,0.034122217,0.0181072345335983,0.020370087787563183,0.021959483592713994,0.034122217,0.0198761310033421,0.0181072345335983,0.018965250274523233
2025-02-28,0.028403593946847,0.0227228751574776,0.0432009721081603,0.0312197627363994,0.032932654,0.030330522840949,0.029187900218808564,0.02717765666767709,0.032932654,0.0312197627363994,0.030330522840949,0.03076185494025801
2025-03-01,0.0066214914978846,0.0052971931983076,0.0253750654048401,0.0103734381972845,0.0108097745,0.0083727663260244,0.011635865551800174,0.007702470103422584,0.0108097745,0.0103734381972845,0.0083727663260244,0.009343206364392237
2025-03-02,0.054000404609435,0.043200323687548,0.086471068590266,0.060635006774174,0.07172764,0.0578513474703377,0.05686108771714718,0.05564750429787027,0.07172764,0.060635006774174,0.0578513474703377,0.059201581099561695
2025-03-03,0.0479398508428031,0.0383518806742424,0.0827989742959128,0.0553174381726566,0.0827643,0.0529661377044315,0.05238402315600964,0.05773012847835758,0.0827643,0.0553174381726566,0.0529661377044315,0.05410665262313305
2025-03-04,0.0615232049781494,0.0492185639825195,0.0790774481068151,0.0648383464347461,0.07167988,0.0650880361583561,0.05864514471567267,0.05901899715867037,0.07167988,0.0648383464347461,0.0650880361583561,0.06496692239230534
2025-03-05,0.0300883630642224,0.0240706904513779,0.0502735594302209,0.0342344211733852,0.04145074,0.0342473099662008,0.03234305116121154,0.03165404015657332,0.04145074,0.0342344211733852,0.0342473099662008,0.03424105816610597
2025-03-06,0.0386769011272812,0.0309415209018249,0.0573045449501542,0.0421779330676957,0.052708846,0.0424796278499622,0.039264443269825394,0.04043914850664527,0.052708846,0.0421779330676957,0.0424796278499622,0.04233328866247031
2025-03-07,0.048431656565946,0.0387453252527568,0.0907978311643468,0.0567207956251736,0.07741917,0.0553262161168906,0.055178529765556435,0.05561968964063228,0.07741917,0.0567207956251736,0.0553262161168906,0.056002666768777236
2025-03-08,0.0134900855007645,0.0107920684006116,0.0259939706581474,0.0159609109064115,0.015360312,0.0145040743138692,0.015591375646375772,0.012785307180269129,0.015360312,0.0159609109064115,0.0145040743138692,0.01521072320471004
2025-03-09,0.0030975886408912,0.0024780709127129,0.0138833508015623,0.0053771153207273,0.002206162,0.0029061043523883,0.006078767817824836,0.002359430262852103,0.002206162,0.0053771153207273,0.0029061043523883,0.004104685695670699
2025-03-10,0.0156879520477148,0.0125503616381718,0.0380529499918089,0.0201159351180022,0.03309063,0.0207411024693681,0.020601640681929545,0.02151259374174217,0.03309063,0.0201159351180022,0.0207411024693681,0.020437860624885264
2025-03-11,0.0236203164230615,0.0188962531384492,0.0317640556609339,0.0254194143775714,0.03604082,0.0271609502952957,0.022958674856271368,0.02637685586581898,0.03604082,0.0254194143775714,0.0271609502952957,0.026316205983600613
2025-03-12,0.0072927192309814,0.0058341753847851,0.034152210478059,0.0128304034312609,0.03449148,0.0096865148462309,0.014774303317891795,0.01833807313821322,0.03449148,0.0128304034312609,0.0096865148462309,0.011211480235562388
2025-03-13,0.0055398995912852,0.0044319196730281,0.0158988806135585,0.0075836800320643,0.009026859,0.0059420312880899,0.008052089556800469,0.0064368064653874315,0.009026859,0.0075836800320643,0.0059420312880899,0.00673832461983231
2025-03-14,0.0080832142606116,0.0064665714084892,0.0234424735966402,0.0112184969691695,0.014837944,0.0097862558245449,0.011825938216323387,0.010119210355018983,0.014837944,0.0112184969691695,0.0097862558245449,0.010480974519453165
2025-03-15,0.004864013906452,0.0038912111251616,0.0244875727924182,0.008795500773263,0.016303357,0.0075809274624102,0.01039357287643806,0.009306940378261496,0.016303357,0.008795500773263,0.0075809274624102,0.008170064835367901
2025-03-16,0.0033505390100323,0.0026804312080258,0.0128068077745384,0.0051789989304381,0.0031313165,0.003218734724831,0.005877372722691106,0.0028771637223033893,0.0031313165,0.0051789989304381,0.003218734724831,0.004169574739241906
2025-03-17,0.005336647621944,0.0042693180975552,0.0217713165435444,0.0085172826706052,0.01003133,0.0065496367414529,0.009794775802399375,0.006783427803600398,0.01003133,0.0085172826706052,0.0065496367414529,0.00750405731306728
2025-03-18,0.0042148165897156,0.0033718532717724,0.0201582595883145,0.0074090924065947,0.0062751574,0.0045277995590989,0.008671395401467758,0.0046386373763455035,0.0062751574,0.0074090924065947,0.0045277995590989,0.005925391029064283
2025-03-19,0.0053262458270925,0.004260996661674,0.0157747286252362,0.0073070930993298,0.005948445,0.0053020950430666,0.007895932362639874,0.004997272517687971,0.005948445,0.0073070930993298,0.0053020950430666,0.006274633528061644
2025-03-20,0.0123149184946317,0.0098519347957053,0.0252500547194359,0.014836005438842,0.024579924,0.0141769470064619,0.014713188819653028,0.016278124334351593,0.024579924,0.014836005438842,0.0141769470064619,0.014496627959442343
2025-03-21,0.003123172171369,0.0024985377370952,0.0209887779213359,0.0066392318024739,0.009185218,0.0041927115220217,0.008335987694922446,0.005416103343486424,0.009185218,0.0066392318024739,0.0041927115220217,0.0053794134839652945
2025-03-22,0.0029112009008924,0.0023289607207139,0.0155282511237811,0.0055545743146314,0.008073596,0.0038662484449182,0.006496034616941833,0.004835488572073404,0.008073596,0.0055545743146314,0.0038662484449182,0.004685182846564957
2025-03-23,0.0021371235576373,0.0017096988461098,0.0086750777617481,0.0033938891770373,0.0027943733,0.0023515931982665,0.003908699532536701,0.0021829694013593606,0.0027943733,0.0033938891770373,0.0023515931982665,0.0028571662330850005
2025-03-24,0.0081902290048726,0.006552183203898,0.0239882143665005,0.0113138920267536,0.022605002,0.0103750025336963,0.012056814747925082,0.013556428982623454,0.022605002,0.0113138920267536,0.0103750025336963,0.010830417521408313
2025-03-25,0.0068076398914647,0.0054461119131717,0.0216863116450127,0.0097267295239732,0.01526158,0.0082697410968664,0.010573214227426159,0.009728845792288037,0.01526158,0.0097267295239732,0.0082697410968664,0.008976463636136408
2025-03-26,0.0048004801497789,0.0038403841198231,0.0158581219198664,0.007065830104899,0.00811925,0.0055646956196795,0.007634436674847954,0.005707360173040551,0.00811925,0.007065830104899,0.0055646956196795,0.006292831516604052
2025-03-27,0.0038852235428946,0.0031081788343156,0.0189860404618601,0.0069910210348779,0.008636931,0.0046964973312582,0.008120889419172864,0.005520511491276598,0.008636931,0.0069910210348779,0.0046964973312582,0.005809472278806271
2025-03-28,0.0047437824813448,0.0037950259850758,0.0144573031303298,0.0066170132968369,0.0076463176,0.005488107212207,0.007161153663879734,0.005475440707194499,0.0076463176,0.0066170132968369,0.005488107212207,0.00603569109131253
2025-03-29,0.0031731892542463,0.002538551403397,0.0251400484987192,0.0076135383124821,0.019955529,0.0073948938531813,0.009673943207467233,0.010138013738247818,0.019955529,0.0076135383124821,0.0073948938531813,0.007500948894250651
2025-03-30,0.0044413031484362,0.0035530425187489,0.0229367070714244,0.0079715416361365,0.0152241215,0.0067944972355208,0.00967255046986747,0.008645425777161405,0.0152241215,0.0079715416361365,0.0067944972355208,0.007365430945192398
2025-03-31,0.0096150085188491,0.0076920068150792,0.0255375614575839,0.0127732408237642,0.027145354,0.0129620180724595,0.013325926718622665,0.016179988062033062,0.027145354,0.0127732408237642,0.0129620180724595,0.012870450333092297
2025-04-01,0.0033053274887361,0.0026442619909888,0.0178585521658549,0.0062906706647036,0.007896935,0.0041977151467821,0.007447480156609976,0.004936134416492386,0.007896935,0.0062906706647036,0.0041977151467821,0.005212918020522039
2025-04-02,0.0033259966163697,0.0026607972930957,0.0238366099821589,0.0073977137652065,0.02189913,0.0062517468713064,0.009346094274477544,0.011054962353052072,0.02189913,0.0073977137652065,0.0062517468713064,0.006807606216589365
2025-04-03,0.0116907492115055,0.0093525993692044,0.0268555336909259,0.0146521495529908,0.026501212,0.0154161780195597,0.014878352534123708,0.01683496736674352,0.026501212,0.0146521495529908,0.0154161780195597,0.015045580609228615
2025-04-04,0.0040581619083006,0.0032465295266404,0.0204520665960011,0.0073724622092104,0.008918221,0.005611564065893,0.008678393074066738,0.005721230173617024,0.008918221,0.0073724622092104,0.005611564065893,0.006465700162026791
2025-04-05,0.0073100007834629,0.0058480006267703,0.0215462487181927,0.010165725485808,0.009342733,0.008384803645072,0.010804006430163729,0.007372839646252233,0.009342733,0.010165725485808,0.008384803645072,0.009248652377230876
2025-04-06,0.0032455898359648,0.0025964718687718,0.014653888717729,0.0054810491600111,0.009264386,0.0043482189675232,0.006403051273642903,0.005505849343206364,0.009264386,0.0054810491600111,0.0043482189675232,0.004897706262893526
2025-04-07,0.0162462314562718,0.0129969851650174,0.0387996870070804,0.020588589755642,0.03955187,0.0202662437759216,0.021143011353912194,0.024583544657929134,0.03955187,0.020588589755642,0.0202662437759216,0.020422599972767894
2025-04-08,0.0122962719795386,0.0098370175836308,0.0239579630000486,0.0145005372860466,0.019334735,0.0131673404974563,0.014295062011620684,0.013981108909029979,0.019334735,0.0145005372860466,0.0131673404974563,0.013814017027104598
2025-04-09,0.0208450091513995,0.0166760073211196,0.0435908818244217,0.0256398913481595,0.05113796,0.0246253688987496,0.025173151299170003,0.031712618002621665,0.05113796,0.0256398913481595,0.0246253688987496,0.025117470186758556
2025-04-10,0.0056405097560193,0.0045124078048154,0.0448120130558045,0.0134217453009806,0.033841718,0.0114824604121729,0.01723517000956722,0.017309518376912206,0.033841718,0.0134217453009806,0.0114824604121729,0.012423124260620661
2025-04-11,0.0114761012101334,0.0091808809681067,0.0310636773867907,0.0154629696698004,0.03152665,0.0141719587860831,0.016089375815040174,0.018930898108524323,0.03152665,0.0154629696698004,0.0141719587860831,0.014798172744266468
2025-04-12,0.0031672732720768,0.0025338186176614,0.0277581547050612,0.0081005998458679,0.018369712,0.0066552753785745,0.010497252200049927,0.00944341442039513,0.018369712,0.0081005998458679,0.0066552753785745,0.007356340231658464
2025-04-13,0.0113832249698542,0.0091065799758833,0.0294287204391221,0.0149568597697887,0.033851147,0.014489905250917,0.015522368889820774,0.019903252593102647,0.033851147,0.0149568597697887,0.014489905250917,0.014716404842239027
2025-04-14,0.0118750719251351,0.009500057540108,0.0220258281259995,0.0138836141532619,0.01076549,0.0114661104615969,0.013454498274776513,0.01005219732801945,0.01076549,0.0138836141532619,0.0114661104615969,0.012638737721966258
2025-04-15,0.0059035305195788,0.004722824415663,0.0196233124220399,0.0087910271539757,0.002470542,0.0059548723301903,0.009426973859787816,0.0037400973443130255,0.002470542,0.0087910271539757,0.0059548723301903,0.007330569282573557
2025-04-16,0.0049878692488117,0.0039902953990493,0.0229699586046596,0.0084023830378585,0.014020081,0.0063863706868831,0.009982258352218198,0.00836654136240864,0.014020081,0.0084023830378585,0.0063863706868831,0.007364251733412919
2025-04-17,0.0041973183806085,0.0033578547044868,0.0166319293980054,0.0066879312724788,0.0043216185,0.0041107647448057,0.007548538329349505,0.003778368919600903,0.0043216185,0.0066879312724788,0.0041107647448057,0.005360837592793596
2025-04-18,0.0033004153021408,0.0026403322417126,0.016974175390995,0.006051956083218,0.006423242,0.0035501994143077,0.00716558941812266,0.004290910251863553,0.006423242,0.006051956083218,0.0035501994143077,0.004763694177062162
2025-04-19,0.0019394783169909,0.0015515826535927,0.0124977444637241,0.0039852674903194,0.002143419,0.0019197454685861,0.005007333966730426,0.00180981563333743,0.002143419,0.0039852674903194,0.0019197454685861,0.0029216415310113616
2025-04-20,0.001711285269215,0.001369028215372,0.0175510793494337,0.0048928444299293,0.009935876,0.0031966265319669,0.00647777276216253,0.00510695787088114,0.009935876,0.0048928444299293,0.0031966265319669,0.004019389017722287
2025-04-21,0.0118053851455527,0.0094443081164421,0.0237671656667446,0.01410005213602,0.022443166,0.0132083065094115,0.013966097091051483,0.01511603447276719,0.022443166,0.01410005213602,0.0132083065094115,0.013640854031337347
2025-04-22,0.0126471664611218,0.0101177331688974,0.0219984016699641,0.0144880203545948,0.015546384,0.0124326560343776,0.013868512344801288,0.012486389113432066,0.015546384,0.0144880203545948,0.0124326560343776,0.013429625031855023
2025-04-23,0.0086276084416997,0.0069020867533597,0.0287995073472773,0.0128106086228179,0.032135773,0.0120218728854868,0.013815198516582524,0.01791217430369262,0.032135773,0.0128106086228179,0.0120218728854868,0.012404454732211915
2025-04-24,0.0054740716624593,0.0043792573299674,0.0193878248751027,0.0082924519004514,0.005221574,0.0061010213133363,0.009117527958710733,0.004746781130949849,0.005221574,0.0082924519004514,0.0061010213133363,0.0071639902157285655
2025-04-25,0.006628755478388,0.0053030043827104,0.0193247335880005,0.0091692385625966,0.00838308,0.0077306736247348,0.009729725817505377,0.00664691830303662,0.00838308,0.0091692385625966,0.0077306736247348,0.00842845972026977
2025-04-26,0.004191457654077,0.0033531661232616,0.0201383468654676,0.0073849952413923,0.007512663,0.00495726192311,0.008652321333761464,0.005168058498897904,0.007512663,0.0073849952413923,0.00495726192311,0.006134851136206133
2025-04-27,0.009544500186428,0.0076356001491424,0.0218275827706639,0.0120950446321274,0.012844775,0.0103568094610002,0.012116071334481289,0.009908493241826029,0.012844775,0.0120950446321274,0.0103568094610002,0.01119995272221802
2025-04-28,0.0063519404768881,0.0050815523815104,0.0197708515037607,0.0091679822886933,0.0100154085,0.0065630451523462,0.00971902856825973,0.0072343170348534635,0.0100154085,0.0091679822886933,0.0065630451523462,0.00782658833044381
